TE,PMO,out/2018-nov/2018,-,REV,1
SB,1,SE
SB,2,S,
SB,3,NE
SB,4,N,
SB,11,FC
UH,1,10,62.6,1
UH,2,10,0.0,1
UH,4,10,0.0,1
UH,24,10,15.0,1
UH,27,10,100.0,1
UH,28,10,0.0,1
UH,25,10,14.8,1
UH,156,1,34.7,1
UH,134,1,0.0,1
UH,10,10,0.0,1
UH,143,1,0.0,1
UH,162,1,57.2,1
UH,148,1,27.1,1
UH,217,1,0.0,1
UH,193,1,0.0,1
UH,141,1,0.0,1
UH,14,10,21.0,1
UH,18,10,16.7,1
UH,37,10,61.3,1
UH,40,10,31.3,1
UH,42,10,0.0,1
UH,15,10,0.0,1
UH,16,10,0.0,1
UH,38,10,0.0,1
UH,39,10,0.0,1
UH,62,12,0.0,1
UH,63,12,0.0,1
UH,52,12,0.0,1
UH,51,12,0.0,1
UH,47,12,23.4,1
UH,49,12,33.5,1
UH,61,12,41.9,1
UH,50,12,0.0,1
UH,46,10,0.0,1
UH,120,1,27.5,1
UH,121,1,22.1,1
UH,6,10,16.6,1
UH,7,10,13.2,1
UH,8,10,0.0,1
UH,12,10,0.0,1
UH,17,10,13.0,1
UH,31,10,22.8,1
UH,30,10,28.5,1
UH,251,1,15.1,1
UH,278,1,51.8,1
UH,123,1,28.6,1
UH,129,1,0.0,1
UH,20,10,36.2,1
UH,287,6,0.0,1
UH,257,1,6.6,1
UH,122,1,48.2,1
UH,124,1,82.4,1
UH,130,1,0.0,1
UH,131,1,0.0,1
UH,133,1,0.0,1
UH,125,1,0.0,1
UH,180,1,0.0,1
UH,181,1,0.0,1
UH,182,1,0.0,1
UH,183,1,0.0,1
UH,184,1,0.0,1
UH,107,10,0.0,1
UH,108,1,0.0,1
UH,109,1,0.0,1
UH,117,1,56.2,1
UH,118,1,78.8,1
UH,119,1,0.0,1
UH,32,10,0.0,1
UH,11,10,0.0,1
UH,135,1,34.9,1
UH,139,1,0.0,1
UH,262,10,0.0,1
UH,89,2,79.5,1
UH,144,1,0.0,1
UH,66,5,88.4,1
UH,110,2,100.0,1
UH,111,2,89.5,1
UH,112,2,0.0,1
UH,113,2,0.0,1
UH,114,2,0.0,1
UH,74,11,18.3,1
UH,76,11,35.5,1
UH,82,11,0.0,1
UH,115,2,16.1,1
UH,73,11,100.0,1
UH,71,11,29.9,1
UH,72,11,0.0,1
UH,57,11,9.9,1
UH,77,11,22.7,1
UH,78,11,0.0,1
UH,93,2,51.9,1
UH,91,2,97.3,1
UH,92,2,0.0,1
UH,252,1,0.0,1
UH,253,1,0.0,1
UH,267,4,0.0,1
UH,281,1,0.0,1
UH,9,10,0.0,1
UH,26,10,53.4,1
UH,86,2,75.4,1
UH,90,2,12.2,1
UH,97,2,0.0,1
UH,98,2,0.0,1
UH,99,2,0.0,1
UH,103,2,0.0,1
UH,169,3,25.1,1
UH,172,3,18.7,1
UH,173,3,0.0,1
UH,174,3,0.0,1
UH,175,3,0.0,1
UH,178,3,0.0,1
UH,190,3,62.6,1
UH,189,3,78.1,1
UH,275,4,54.4,1
UH,272,8,80.0,1
UH,279,6,43.4,1
UH,280,9,0.0,1
UH,204,9,0.0,1
UH,127,1,0.0,1
UH,126,1,0.0,1
UH,283,1,0.0,1
UH,261,1,0.0,1
UH,48,12,0.0,1
UH,249,12,0.0,1
UH,241,10,0.0,1
UH,304,1,0.0,1
UH,305,1,0.0,1
UH,196,6,0.0,1
UH,195,1,0.0,1
UH,95,2,98.0,1
UH,203,10,4.1,1
UH,154,3,0.0,1
UH,310,6,0.0,1
UH,29,10,28.2,1
UH,94,2,0.0,1
UH,215,2,0.0,1
UH,155,1,16.8,1
UH,311,10,17.4,1
UH,312,10,0.0,1
UH,315,10,0.0,1
UH,21,10,32.3,1
UH,290,10,24.3,1
UH,101,2,0.0,1
UH,276,6,42.3,1
UH,102,2,0.0,1
UH,277,9,52.8,1
UH,285,6,0.0,1
UH,286,9,0.0,1
UH,284,9,0.0,1
UH,229,7,0.0,1
UH,192,1,0.0,1
UH,230,7,0.0,1
UH,33,10,23.7,1
UH,34,10,71.7,1
UH,45,10,0.0,1
UH,43,10,71.7,1
UH,288,8,0.0,1,0
UH,314,8,0.0,1
CT,65,1,ATLAN_CSA,1,141.2141.2,0.00141.2141.2,0.00141.2141.2,0.00
CT,65,1,ATLAN_CSA,1,141.3141.3,0.00141.3141.3,0.00141.3141.3,0.00
CT,65,1,ATLAN_CSA,2,139.8139.8,0.00139.8139.8,0.00139.8139.8,0.00
CT,65,1,ATLAN_CSA,3,139.0139.0,0.00139.0139.0,0.00139.0139.0,0.00
CT,65,1,ATLAN_CSA,4,133.7133.7,0.00133.7133.7,0.00133.7133.7,0.00
CT,65,1,ATLAN_CSA,5,41.3,41.3,0.00,41.3,41.3,0.00,41.3,41.3,0.00
CT,13,1,ANGRA,2,1,1080.1350.,20.121080.1350.,20.121080.1350.,20.12
CT,1,1,ANGRA,1,1,520.0640.0,31.17520.0640.0,31.17520.0640.0,31.17
CT,1,1,ANGRA,1,3,520.0640.0,31.17514.0633.0,31.17520.0640.0,31.17
CT,1,1,ANGRA,1,4,0.0,0.0,31.17,0.0,0.0,31.17,0.0,0.0,31.17
CT,171,1,NORTEFLU,1,1,400.0400.0,71.40400.0400.0,71.40400.0400.0,71.40
CT,172,1,NORTEFLU,2,1,100.0100.0,82.41100.0100.0,82.41100.0100.0,82.41
CT,211,1,BAIXADA,FL,1,0.0520.0,128.88,0.0520.0,128.88,0.0520.0,128.88
CT,211,1,BAIXADA,FL,4,0.0445.1,128.88,0.0445.1,128.88,0.0445.1,128.88
CT,211,1,BAIXADA,FL,5,0.0258.0,128.88,0.0258.0,128.88,0.0258.0,128.88
CT,173,1,NORTEFLU,3,1,200.0200.0,157.73200.0200.0,157.73200.0200.0,157.73
CT,183,1,ATLANTICO,1,218.7218.7,180.80218.7218.7,180.80218.7218.7,180.80
CT,217,1,LCPRES_L1,1,0.0134.3,187.67,0.0134.3,187.67,0.0134.3,187.67
CT,215,1,GLBRIZ_L1,1,0.0770.3,223.60,0.0770.3,223.60,0.0770.3,223.60
CT,213,1,BLSOBR_L1,1,0.0229.8,283.59,0.0229.8,283.59,0.0229.8,283.59
CT,213,1,BLSOBR_L1,1,0.0232.2,283.59,0.0232.2,283.59,0.0232.2,283.59
CT,213,1,BLSOBR_L1,2,0.0235.7,283.59,0.0235.7,283.59,0.0235.7,283.59
CT,213,1,BLSOBR_L1,4,0.0265.8,283.59,0.0265.8,283.59,0.0265.8,283.59
CT,213,1,BLSOBR_L1,5,0.0320.0,283.59,0.0320.0,283.59,0.0320.0,283.59
CT,54,1,JUIZ,DE,FO,1,0.0,84.8,283.74,0.0,84.8,283.74,0.0,84.8,283.74
CT,54,1,JUIZ,DE,FO,3,0.0,62.3,283.74,0.0,62.3,283.74,0.0,62.3,283.74
CT,54,1,JUIZ,DE,FO,4,0.0,74.4,283.74,0.0,74.4,283.74,0.0,74.4,283.74
CT,54,1,JUIZ,DE,FO,5,0.0,84.8,283.74,0.0,84.8,283.74,0.0,84.8,283.74
CT,4,1,ST.CRUZ,34,1,0.0,0.0,310.41,0.0,0.0,310.41,0.0,0.0,310.41
CT,219,1,EROCHA_L1,1,0.0,48.2,313.38,0.0,48.2,313.38,0.0,48.2,313.38
CT,219,1,EROCHA_L1,1,0.0140.1,313.38,0.0140.1,313.38,0.0140.1,313.38
CT,219,1,EROCHA_L1,2,0.0157.2,313.38,0.0157.2,313.38,0.0157.2,313.38
CT,63,1,AUR.CHAVES,1,0.0,0.0,346.37,0.0,0.0,346.37,0.0,0.0,346.37
CT,63,1,AUR.CHAVES,1,0.0126.9,346.37,0.0126.9,346.37,0.0126.9,346.37
CT,63,1,AUR.CHAVES,2,0.0222.0,346.37,0.0222.0,346.37,0.0222.0,346.37
CT,214,1,BLSOBR_L13,1,0.0,0.0,404.02,0.0,0.0,404.02,0.0,0.0,404.02
CT,216,1,GLBRIZ_L13,1,26.0141.7,404.53,26.0141.7,404.53,26.0141.7,404.53
CT,216,1,GLBRIZ_L13,1,26.0,94.5,404.53,26.0,94.5,404.53,26.0,94.5,404.53
CT,216,1,GLBRIZ_L13,2,26.0,51.5,404.53,26.0,51.5,404.53,26.0,51.5,404.53
CT,216,1,GLBRIZ_L13,3,26.0159.7,404.53,26.0159.7,404.53,26.0159.7,404.53
CT,218,1,LCPRES_L13,1,0.0215.5,405.54,0.0215.5,405.54,0.0215.5,405.54
CT,218,1,LCPRES_L13,2,0.0140.9,405.54,0.0140.9,405.54,0.0140.9,405.54
CT,218,1,LCPRES_L13,3,0.0128.5,405.54,0.0128.5,405.54,0.0128.5,405.54
CT,218,1,LCPRES_L13,4,0.0215.5,405.54,0.0215.5,405.54,0.0215.5,405.54
CT,220,1,EUZEBI_L13,1,0.0,0.0,406.05,0.0,0.0,406.05,0.0,0.0,406.05
CT,220,1,EUZEBI_L13,2,0.0,51.8,406.05,0.0,51.8,406.05,0.0,51.8,406.05
CT,174,1,NORTEFLU,4,1,20.0126.0,459.17,20.0126.0,459.17,20.0126.0,459.17
CT,50,1,PIRAT.12,O,1,0.0,0.0,470.34,0.0,0.0,470.34,0.0,0.0,470.34
CT,12,1,CUIABA,CC,1,0.0,0.0,511.77,0.0,0.0,511.77,0.0,0.0,511.77
CT,90,1,M.LAGO,1,0.0785.4,513.67,0.0785.4,513.67,0.0785.4,513.67
CT,90,1,M.LAGO,1,0.0787.1,513.67,0.0787.1,513.67,0.0787.1,513.67
CT,90,1,M.LAGO,2,0.0844.8,513.67,0.0844.8,513.67,0.0844.8,513.67
CT,90,1,M.LAGO,3,0.0870.0,513.67,0.0870.0,513.67,0.0870.0,513.67
CT,90,1,M.LAGO,5,0.0866.6,513.67,0.0866.6,513.67,0.0866.6,513.67
CT,110,1,FGASPARIAN,1,0.0469.2,548.04,0.0469.2,548.04,0.0469.2,548.04
CT,110,1,FGASPARIAN,1,0.0503.6,548.04,0.0503.6,548.04,0.0503.6,548.04
CT,110,1,FGASPARIAN,2,0.0483.6,548.04,0.0483.6,548.04,0.0483.6,548.04
CT,110,1,FGASPARIAN,3,0.0463.6,548.04,0.0463.6,548.04,0.0463.6,548.04
CT,110,1,FGASPARIAN,4,0.0480.6,548.04,0.0480.6,548.04,0.0480.6,548.04
CT,110,1,FGASPARIAN,5,0.0423.1,548.04,0.0423.1,548.04,0.0423.1,548.04
CT,182,1,PALMEIR_GO,1,0.0,0.0,662.97,0.0,0.0,662.97,0.0,0.0,662.97
CT,182,1,PALMEIR_GO,1,0.0,40.0,662.97,0.0,40.0,662.97,0.0,40.0,662.97
CT,49,1,VIANA,1,0.0175.0,701.45,0.0175.0,701.45,0.0175.0,701.45
CT,9,1,CAMPOS,1,0.0,25.0,863.07,0.0,25.0,863.07,0.0,25.0,863.07
CT,153,1,DAIA,1,0.0,37.7,884.34,0.0,37.7,884.34,0.0,37.7,884.34
CT,194,1,TNORTE,2,1,0.0,0.0,910.86,0.0,0.0,910.86,0.0,0.0,910.86
CT,155,1,GOIANIA,2,1,0.0140.0,921.61,0.0140.0,921.61,0.0140.0,921.61
CT,7,1,CARIOBA,1,0.0,0.0,937.00,0.0,0.0,937.00,0.0,0.0,937.00
CT,2,1,IGARAPE,1,0.0110.0,939.55,0.0110.0,939.55,0.0110.0,939.55
CT,108,1,XAVANTES,1,0.0,53.5,1269.68,0.0,53.5,1269.68,0.0,53.5,1269.68
CT,156,2,CANDIOTA_3,1,210.0250.0,81.20210.0250.0,81.20210.0250.0,81.20
CT,156,2,CANDIOTA_3,5,100.0100.0,81.20100.0100.0,81.20100.0100.0,81.20
CT,22,2,P.MEDICI,A,1,0.0,0.0,115.90,0.0,0.0,115.90,0.0,0.0,115.90
CT,23,2,P.MEDICI,B,1,0.0,0.0,115.90,0.0,0.0,115.90,0.0,0.0,115.90
CT,24,2,J.LACER.,C,1,0.0363.0,178.91,0.0363.0,178.91,0.0363.0,178.91
CT,25,2,J.LACER.,B,1,0.0262.0,209.48,0.0262.0,209.48,0.0262.0,209.48
CT,27,2,J.LAC.,A2,1,0.0132.0,217.89,0.0132.0,217.89,0.0132.0,217.89
CT,26,2,J.LAC.,A1,1,0.0100.0,238.56,0.0100.0,238.56,0.0100.0,238.56
CT,32,2,S.JERONIMO,1,0.0,0.0,248.31,0.0,0.0,248.31,0.0,0.0,248.31
CT,169,2,MADEIRA,1,2.0,3.0,290.93,2.0,3.0,290.93,2.0,3.0,290.93
CT,28,2,FIGUEIRA,1,0.0,0.0,475.68,0.0,0.0,475.68,0.0,0.0,475.68
CT,35,2,URUGUAIANA,1,0.0,0.0,486.20,0.0,0.0,486.20,0.0,0.0,486.20
CT,64,2,S.TIARAJU,1,0.0243.1,698.14,0.0243.1,698.14,0.0243.1,698.14
CT,48,2,ARAUCARIA,1,0.0,0.0,710.65,0.0,0.0,710.65,0.0,0.0,710.65
CT,30,2,NUTEPA,1,0.0,0.0,780.00,0.0,0.0,780.00,0.0,0.0,780.00
CT,96,3,TERMOPE,1,348.8532.7,134.44348.8532.7,134.44348.8532.7,134.44
CT,42,3,FORTALEZA,1,0.0,0.0,139.88,0.0,0.0,139.88,0.0,0.0,139.88
CT,42,3,FORTALEZA,4,0.0,65.3,139.88,0.0,77.6,139.88,0.0116.4,139.88
CT,42,3,FORTALEZA,5,0.0326.6,139.88,0.0326.6,139.88,0.0326.6,139.88
CT,147,3,PROSPERIDA,1,0.0,0.0,148.65,0.0,0.0,148.65,0.0,0.0,148.65
CT,147,3,PROSPERIDA,4,0.0,8.0,148.65,0.0,8.0,148.65,0.0,8.0,148.65
CT,147,3,PROSPERIDA,5,0.0,28.0,148.65,0.0,28.0,148.65,0.0,28.0,148.65
CT,167,3,P.PECEM1,1,0.0360.0,223.71,0.0360.0,223.71,0.0360.0,223.71
CT,167,3,P.PECEM1,1,0.0,15.0,223.71,0.0,15.0,223.71,0.0,15.0,223.71
CT,167,3,P.PECEM1,2,0.0360.0,223.71,0.0360.0,223.71,0.0360.0,223.71
CT,163,3,P.PECEM2,1,0.0365.0,229.79,0.0365.0,229.79,0.0365.0,229.79
CT,163,3,P.PECEM2,2,0.0,60.8,229.79,0.0,58.7,229.79,0.0,40.6,229.79
CT,163,3,P.PECEM2,3,0.0304.2,229.79,0.0306.3,229.79,0.0324.4,229.79
CT,163,3,P.PECEM2,4,0.0365.0,229.79,0.0365.0,229.79,0.0365.0,229.79
CT,58,3,TERMOCEARA,1,0.0,0.0,322.34,0.0,0.0,322.34,0.0,0.0,322.34
CT,58,3,TERMOCEARA,1,0.0140.0,322.34,0.0140.0,322.34,0.0140.0,322.34
CT,58,3,TERMOCEARA,4,50.0154.3,322.34,50.0154.3,322.34,50.0154.3,322.34
CT,58,3,TERMOCEARA,5,190.0190.0,322.34190.0190.0,322.34190.0190.0,322.34
CT,74,3,R.ALMEIDA,1,0.0,50.0,345.02,0.0,50.0,345.02,0.0,50.0,345.02
CT,74,3,R.ALMEIDA,2,0.0,74.1,345.02,0.0,74.1,345.02,0.0,74.1,345.02
CT,74,3,R.ALMEIDA,3,0.0,74.6,345.02,0.0,74.6,345.02,0.0,74.6,345.02
CT,74,3,R.ALMEIDA,4,0.0,91.7,345.02,0.0,91.7,345.02,0.0,91.7,345.02
CT,74,3,R.ALMEIDA,5,0.0114.5,345.02,0.0114.5,345.02,0.0114.5,345.02
CT,43,3,C.FURTADO,1,0.0158.9,374.87,0.0158.9,374.87,0.0158.9,374.87
CT,83,3,JS_PEREIRA,1,0.0155.0,450.86,0.0155.0,450.86,0.0155.0,450.86
CT,221,3,SYKUE,I,1,22.0,28.0,510.12,22.0,28.0,510.12,22.0,28.0,510.12
CT,98,3,PERNAMBU_3,1,0.0,43.0,601.26,0.0,43.0,601.26,0.0,43.0,601.26
CT,112,3,BAHIA_1,1,0.0,16.6,613.33,0.0,16.6,613.33,0.0,16.6,613.33
CT,112,3,BAHIA_1,1,0.0,15.3,613.33,0.0,15.3,613.33,0.0,15.3,613.33
CT,112,3,BAHIA_1,3,0.0,14.4,613.33,0.0,14.4,613.33,0.0,14.4,613.33
CT,112,3,BAHIA_1,4,0.0,16.1,613.33,0.0,16.1,613.33,0.0,16.1,613.33
CT,112,3,BAHIA_1,5,0.0,20.0,613.33,0.0,20.0,613.33,0.0,20.0,613.33
CT,164,3,MURICY,1,0.0130.0,678.75,0.0130.0,678.75,0.0130.0,678.75
CT,164,3,MURICY,1,0.0118.7,678.75,0.0118.7,678.75,0.0118.7,678.75
CT,164,3,MURICY,2,0.0127.9,678.75,0.0127.9,678.75,0.0127.9,678.75
CT,164,3,MURICY,3,0.0130.0,678.75,0.0130.0,678.75,0.0130.0,678.75
CT,164,3,MURICY,4,0.0119.3,678.75,0.0119.3,678.75,0.0119.3,678.75
CT,164,3,MURICY,5,0.0,90.3,678.75,0.0,90.3,678.75,0.0,90.3,678.75
CT,166,3,AREMBEPE,1,0.0,50.0,678.75,0.0,50.0,678.75,0.0,50.0,678.75
CT,57,3,MARACANAU,1,0.0,54.1,680.12,0.0,54.1,680.12,0.0,54.1,680.12
CT,57,3,MARACANAU,1,0.0,80.0,680.12,0.0,80.0,680.12,0.0,80.0,680.12
CT,152,3,TERMOCABO,1,0.0,49.7,692.93,0.0,49.7,692.93,0.0,49.7,692.93
CT,67,3,TERMONE,1,0.0162.3,697.00,0.0162.3,697.00,0.0162.3,697.00
CT,69,3,TERMOPB,1,0.0162.3,697.00,0.0162.3,697.00,0.0162.3,697.00
CT,52,3,CAMPINA_GR,1,0.0,91.0,701.46,0.0,91.0,701.46,0.0,91.0,701.46
CT,52,3,CAMPINA_GR,1,0.0126.8,701.46,0.0126.8,701.46,0.0126.8,701.46
CT,170,3,SUAPE,II,1,0.0350.0,711.97,0.0350.0,711.97,0.0350.0,711.97
CT,144,3,PETROLINA,1,0.0132.0,744.70,0.0132.0,744.70,0.0132.0,744.70
CT,109,3,ALTOS,1,0.0,0.0,764.06,0.0,0.0,764.06,0.0,0.0,764.06
CT,111,3,ARACATI,1,0.0,0.0,764.06,0.0,0.0,764.06,0.0,0.0,764.06
CT,113,3,BATURITE,1,0.0,0.0,764.06,0.0,0.0,764.06,0.0,0.0,764.06
CT,117,3,C.MAIOR,1,0.0,0.0,764.06,0.0,0.0,764.06,0.0,0.0,764.06
CT,119,3,CAUCAIA,1,0.0,0.0,764.06,0.0,0.0,764.06,0.0,0.0,764.06
CT,121,3,CRATO,1,0.0,0.0,764.06,0.0,0.0,764.06,0.0,0.0,764.06
CT,125,3,PECEM,1,0.0,0.0,764.06,0.0,0.0,764.06,0.0,0.0,764.06
CT,127,3,IGUATU,1,0.0,0.0,764.06,0.0,0.0,764.06,0.0,0.0,764.06
CT,133,3,JUAZEIRO,N,1,0.0,0.0,764.06,0.0,0.0,764.06,0.0,0.0,764.06
CT,135,3,MARAMBAIA,1,0.0,0.0,764.06,0.0,0.0,764.06,0.0,0.0,764.06
CT,138,3,NAZARIA,1,0.0,0.0,764.06,0.0,0.0,764.06,0.0,0.0,764.06
CT,53,3,GLOBAL,I,1,0.0130.0,795.30,0.0130.0,795.30,0.0130.0,795.30
CT,55,3,GLOBAL,II,1,0.0128.0,795.30,0.0128.0,795.30,0.0128.0,795.30
CT,161,3,POTIGUAR_3,1,0.0,55.0,847.60,0.0,55.0,847.60,0.0,55.0,847.60
CT,151,3,POTIGUAR,1,0.0,53.0,847.61,0.0,53.0,847.61,0.0,53.0,847.61
CT,159,3,TERMOMANAU,1,0.0143.0,966.46,0.0143.0,966.46,0.0143.0,966.46
CT,160,3,PAU,FERRO,1,0.0,94.0,966.46,0.0,94.0,966.46,0.0,94.0,966.46
CT,136,4,SUZANO,MA,1,0.0,0.0,0.00,0.0,0.0,0.00,0.0,0.0,0.00
CT,136,4,SUZANO,MA,2,120.0120.0,0.00120.0120.0,0.00120.0120.0,0.00
CT,136,4,SUZANO,MA,3,140.0140.0,0.00140.0140.0,0.00140.0140.0,0.00
CT,203,4,C.,ROCHA,1,49.0,49.0,0.00,49.0,49.0,0.00,49.0,49.0,0.00
CT,204,4,JARAQUI,1,55.0,55.0,0.00,55.0,55.0,0.00,55.0,55.0,0.00
CT,205,4,MANAUARA,1,64.5,64.5,0.00,64.5,64.5,0.00,64.5,64.5,0.00
CT,207,4,PONTA,NEGR,1,64.0,64.0,0.00,64.0,64.0,0.00,64.0,64.0,0.00
CT,209,4,TAMBAQUI,1,63.0,63.0,0.00,63.0,63.0,0.00,63.0,63.0,0.00
CT,212,4,MARANHAO3,1,482.1499.6,76.94482.1502.2,76.94482.1515.1,76.94
CT,212,4,MARANHAO3,1,482.1499.6,76.94482.1502.1,76.94482.1512.8,76.94
CT,212,4,MARANHAO3,2,482.1499.6,76.94482.1502.2,76.94482.1515.1,76.94
CT,212,4,MARANHAO3,5,482.1506.7,76.94482.1506.7,76.94482.1506.7,76.94
CT,116,4,PARNAIB_IV,1,0.0,56.3,91.37,0.0,56.3,91.37,0.0,56.3,91.37
CT,140,4,UTE,MAUA,3,1,0.0189.5,98.25,0.0189.5,98.25,0.0189.5,98.25
CT,140,4,UTE,MAUA,3,4,0.0255.0,70.89,0.0255.0,70.89,0.0255.0,70.89
CT,140,4,UTE,MAUA,3,5,0.0471.0,70.89,0.0471.0,70.89,0.0471.0,70.89
CT,21,4,MARANHAO,V,1,0.0329.2,135.16,0.0330.4,135.16,0.0336.0,135.16
CT,21,4,MARANHAO,V,1,0.0329.2,135.16,0.0330.3,135.16,0.0335.0,135.16
CT,21,4,MARANHAO,V,2,0.0329.2,135.16,0.0330.4,135.16,0.0336.0,135.16
CT,21,4,MARANHAO,V,5,0.0332.4,135.16,0.0332.4,135.16,0.0332.4,135.16
CT,36,4,MARANHAOIV,1,0.0329.2,135.16,0.0330.4,135.16,0.0336.0,135.16
CT,36,4,MARANHAOIV,1,0.0329.2,135.16,0.0330.3,135.16,0.0335.0,135.16
CT,36,4,MARANHAOIV,2,0.0329.2,135.16,0.0330.4,135.16,0.0336.0,135.16
CT,36,4,MARANHAOIV,5,0.0332.4,135.16,0.0332.4,135.16,0.0332.4,135.16
CT,46,4,N.VENECIA2,1,0.0172.7,208.48,0.0173.5,208.48,0.0177.2,208.48
CT,46,4,N.VENECIA2,1,0.0172.7,208.48,0.0173.5,208.48,0.0176.5,208.48
CT,46,4,N.VENECIA2,2,0.0172.7,208.48,0.0173.5,208.48,0.0177.2,208.48
CT,46,4,N.VENECIA2,5,0.0174.8,208.48,0.0174.8,208.48,0.0174.8,208.48
CT,176,4,P.,ITAQUI,1,0.0360.1,224.32,0.0360.1,224.32,0.0360.1,224.32
CT,201,4,APARECIDA,1,150.0153.0,302.19150.0153.0,302.19150.0153.0,302.19
CT,201,4,APARECIDA,5,150.0166.0,302.19150.0166.0,302.19150.0166.0,302.19
CT,206,4,MAUA,B3,1,0.0,55.0,411.92,0.0,55.0,411.92,0.0,55.0,411.92
CT,206,4,MAUA,B3,2,0.0,70.7,411.92,0.0,70.7,411.92,0.0,70.7,411.92
CT,206,4,MAUA,B3,3,0.0110.0,411.92,0.0110.0,411.92,0.0110.0,411.92
CT,141,4,MAUA,B4,1,0.0,0.0,575.00,0.0,0.0,575.00,0.0,0.0,575.00
CT,208,4,SANTANA,I,1,0.0,0.0,640.96,0.0,0.0,640.96,0.0,0.0,640.96
CT,70,4,GERAMAR2,1,0.0159.2,701.43,0.0159.2,701.43,0.0159.2,701.43
CT,73,4,GERAMAR1,1,0.0159.2,701.43,0.0159.2,701.43,0.0159.2,701.43
CT,300,4,MAUA,B1,1,0.0,0.0,711.77,0.0,0.0,711.77,0.0,0.0,711.77
CT,310,4,SAO,JOSE,1,0.0,0.0,833.53,0.0,0.0,833.53,0.0,0.0,833.53
CT,317,4,IRANDUBA,1,0.0,25.0,856.49,0.0,25.0,856.49,0.0,25.0,856.49
CT,318,4,FLORES,LT1,1,0.0,40.0,868.35,0.0,40.0,868.35,0.0,40.0,868.35
CT,303,4,ELECTRON,1,0.0,0.0,872.84,0.0,0.0,872.84,0.0,0.0,872.84
CT,319,4,FLORES,LT2,1,0.0,40.0,883.17,0.0,40.0,883.17,0.0,40.0,883.17
CT,94,4,SANTANA,II,1,0.0,0.0,898.56,0.0,0.0,898.56,0.0,0.0,898.56
CT,302,4,APARECD,OC,1,0.0,0.0,905.99,0.0,0.0,905.99,0.0,0.0,905.99
CI,501,2,URUGUAI_B1,1,0,450,362.49,0,500,362.49,0,550,362.49
CI,501,2,URUGUAI_B1,2,0,0,362.49,0,0,362.49,0,0,362.49
CI,502,2,URUGUAI_B2,1,0,100,504.44,0,50,504.44,0,0,504.44
CI,502,2,URUGUAI_B2,2,0,0,504.44,0,0,504.44,0,0,504.44
CI,601,2,ARGENT_B1,1,0,500,460.25,0,500,460.25,0,500,460.25
CI,601,2,ARGENT_B1,2,0,0,460.25,0,0,460.25,0,0,460.25
CI,602,2,ARGENT_B2,1,0,500,469.75,0,500,469.75,0,500,469.75
CI,602,2,ARGENT_B2,2,0,0,469.75,0,0,469.75,0,0,469.75
CI,603,2,ARGENT_B3,1,0,250,481.08,0,250,481.08,0,250,481.08
CI,603,2,ARGENT_B3,2,0,0,481.08,0,0,481.08,0,0,481.08
CI,604,2,ARGENT_B4,1,0,250,485.97,0,250,485.97,0,250,485.97
CI,604,2,ARGENT_B4,2,0,0,485.97,0,0,485.97,0,0,485.97
UE,001,1,Sta,Cecilia,181,125,75,160.,0.20
UE,002,1,Vigario,182,181,75,190.0,0.44
UE,003,1,Traicao,109,108,0.0,270.0,0.3
UE,004,1,Pedreira,118,109,0.0,395.0,0.25
VR,11,INI
DP,1,1,3,44716.0,15.0,42441.0,80.0,33320.0,73.0
DP,1,2,3,12693.0,15.0,12251.0,80.0,8809.0,73.0
DP,1,3,3,11636.0,15.0,11355.0,80.0,9583.0,73.0
DP,1,4,3,5691.0,15.0,5504.0,80.0,5141.0,73.0
DP,1,11,3,15.0,80.0,73.0
DP,2,1,3,47080.0,18.0,44038.0,89.0,33352.0,61.0
DP,2,2,3,13431.0,18.0,13106.0,89.0,8932.0,61.0
DP,2,3,3,12023.0,18.0,11756.0,89.0,9631.0,61.0
DP,2,4,3,5957.0,18.0,5713.0,89.0,5327.0,61.0
DP,2,11,3,18.0,89.0,61.0
DP,3,1,3,46254.0,18.0,43935.0,89.0,33923.0,61.0
DP,3,2,3,13250.0,18.0,12799.0,89.0,9129.0,61.0
DP,3,3,3,11826.0,18.0,11799.0,89.0,9976.0,61.0
DP,3,4,3,5786.0,18.0,5658.0,89.0,5290.0,61.0
DP,3,11,3,18.0,89.0,61.0
DP,4,1,3,44957.0,15.0,42670.0,80.0,33500.0,73.0
DP,4,2,3,12921.0,15.0,12471.0,80.0,8968.0,73.0
DP,4,3,3,11659.0,15.0,11377.0,80.0,9602.0,73.0
DP,4,4,3,5709.0,15.0,5521.0,80.0,5157.0,73.0
DP,4,11,3,15.0,80.0,73.0
DP,5,1,3,44145.0,69.0,42681.0,347.0,33250.0,255.0
DP,5,2,3,12288.0,69.0,12969.0,347.0,9400.0,255.0
DP,5,3,3,12014.0,69.0,11670.0,347.0,9888.0,255.0
DP,5,4,3,5938.0,69.0,5675.0,347.0,5336.0,255.0
DP,5,11,3,69.0,347.0,255.0
CD,1,1,1PDEF,1,100,4596.31,100,4596.31,100,4596.31
CD,1,2,1PDEF,1,100,4596.31,100,4596.31,100,4596.31
CD,1,3,1PDEF,1,100,4596.31,100,4596.31,100,4596.31
CD,1,4,1PDEF,1,100,4596.31,100,4596.31,100,4596.31
PQ,d1463SECO,1,1,205,196,151
PQ,SUDESTE,1,1,5109,5109,5109
PQ,d1463SECO,1,5,203,196,153
PQ,SUDESTE,1,5,5054,5054,5054
PQ,d1463SUL,2,1,141,141,98
PQ,SUL,2,1,2318,2318,2318
PQ,d1463SUL,2,5,133,141,102
PQ,SUL,2,5,2044,2044,2044
PQ,d1463NE,3,1,245,239,194
PQ,NORDESTE,3,1,6741,6741,6741
PQ,d1463NE,3,5,243,236,200
PQ,NORDESTE,3,5,5985,5985,5985
PQ,NORTE,4,1,194,194,194
PQ,NORTE,4,5,189,189,189
IT,1,66,1,4169,2269,3675,1775,2980,1080
IT,5,66,1,4202,2302,3694,1794,2985,1085
IA,1,N,FC,99999,99999,99999,99999,99999,99999
IA,1,NE,FC,4600,4800,4600,4800,4600,4800
IA,1,SE,FC,4000,4000,4000,4000,4000,4000
IA,1,SE,IV,6720,12131,6720,12625,6720,12820
IA,1,SE,IV,6720,12531,6720,13025,6720,13220
IA,2,SE,IV,6720,12831,6720,13325,6720,13520
IA,5,SE,IV,6720,12798,6720,13306,6720,13516
IA,1,SE,NE,580,1000,580,1000,580,1000
IA,5,SE,NE,830,1000,830,1000,830,1000
IA,1,IV,S,8400,6500,8400,6500,8400,6100
IA,1,N,SE,900,1000,900,400,400,400
TX,12.0
GP,0.001
NI,200
DT,6,10,2018
MP,119,0.9240.9240.9240.9241.000
MP,46,0.9290.9290.9290.9391.000
MP,120,1.0001.0001.0001.0001.000
MP,121,1.0001.0001.0001.0001.000
MP,122,1.0001.0001.0001.0001.000
MP,130,1.0001.0001.0001.0001.000
MP,131,0.8130.8130.8391.0001.000
MP,133,0.7141.0001.0001.0001.000
MP,183,1.0001.0001.0001.0001.000
MP,184,1.0001.0001.0001.0001.000
MP,1,0.5000.5000.5711.0001.000
MP,2,0.7600.7941.0001.0001.000
MP,4,1.0001.0001.0001.0001.000
MP,10,1.0001.0001.0001.0001.000
MP,24,1.0001.0001.0001.0001.000
MP,25,0.6670.6670.6670.7621.000
MP,27,1.0001.0001.0001.0001.000
MP,28,0.8101.0001.0001.0001.000
MP,134,1.0001.0001.0001.0001.000
MP,143,1.0001.0001.0001.0001.000
MP,148,1.0001.0001.0001.0001.000
MP,156,1.0001.0001.0001.0001.000
MP,162,1.0000.7620.7141.0001.000
MP,192,1.0001.0001.0001.0001.000
MP,193,1.0001.0001.0001.0001.000
MP,217,0.5000.5000.5000.5001.000
MP,6,1.0000.9291.0001.0001.000
MP,7,0.9210.9210.9210.9431.000
MP,8,1.0001.0001.0001.0001.000
MP,12,0.8931.0001.0001.0001.000
MP,17,0.8750.8750.8750.8751.000
MP,20,0.5000.5000.5000.7141.000
MP,30,1.0001.0001.0001.0001.000
MP,31,1.0001.0000.9290.8571.000
MP,123,0.7621.0001.0001.0001.000
MP,129,1.0001.0001.0001.0001.000
MP,251,1.0001.0001.0001.0001.000
MP,257,1.0001.0001.0001.0001.000
MP,278,1.0001.0001.0001.0001.000
MP,111,0.5190.5190.5190.5191.000
MP,112,0.9051.0001.0001.0001.000
MP,113,0.7500.7500.7500.7501.000
MP,114,1.0001.0001.0001.0001.000
MP,57,1.0001.0000.7620.9521.000
MP,71,1.0001.0001.0001.0001.000
MP,72,1.0001.0001.0001.0001.000
MP,74,0.7500.5710.7500.7501.000
MP,76,1.0001.0001.0001.0001.000
MP,82,1.0001.0001.0001.0001.000
MP,115,1.0001.0001.0001.0001.000
MP,9,0.7500.7500.7500.7501.000
MP,26,1.0001.0001.0001.0001.000
MP,77,1.0001.0001.0001.0001.000
MP,78,1.0001.0001.0001.0001.000
MP,91,1.0001.0001.0001.0001.000
MP,92,0.8000.8571.0001.0001.000
MP,93,1.0001.0001.0001.0001.000
MP,252,1.0001.0001.0001.0001.000
MP,253,1.0001.0001.0001.0001.000
MP,267,1.0001.0000.8570.7501.000
MP,281,1.0001.0001.0001.0001.000
MP,169,1.0001.0001.0001.0001.000
MP,172,1.0001.0001.0001.0001.000
MP,173,1.0001.0001.0001.0001.000
MP,174,1.0001.0001.0001.0001.000
MP,175,0.8330.8330.8330.8331.000
MP,178,0.8330.8330.8330.8331.000
MP,190,1.0001.0001.0001.0001.000
MP,272,1.0001.0000.7570.6601.000
MP,275,0.9590.9360.9590.9461.000
MP,279,0.8000.8000.8000.8001.000
MP,280,1.0001.0001.0001.0001.000
MP,288,1.0001.0001.0001.0001.000
MP,314,0.8330.9761.0001.0001.000
MP,66,0.9791.0000.9640.9571.000
MP,47,1.0000.6430.5000.5001.000
MP,49,1.0001.0001.0001.0001.000
MP,50,1.0001.0001.0001.0001.000
MP,51,1.0001.0001.0001.0001.000
MP,52,1.0001.0001.0001.0001.000
MP,61,0.7610.7610.7610.7611.000
MP,62,0.8571.0001.0001.0001.000
MP,63,1.0000.8210.7500.7501.000
MP,14,1.0001.0001.0001.0001.000
MP,15,1.0001.0001.0001.0001.000
MP,16,1.0001.0001.0001.0001.000
MP,18,1.0001.0001.0001.0001.000
MP,37,1.0000.8210.7500.7501.000
MP,38,1.0001.0001.0001.0001.000
MP,39,1.0001.0001.0001.0001.000
MP,40,1.0001.0001.0001.0001.000
MP,42,1.0001.0001.0001.0001.000
MP,86,1.0001.0001.0001.0001.000
MP,90,1.0001.0001.0001.0001.000
MP,103,1.0001.0001.0001.0001.000
MP,29,1.0001.0001.0001.0001.000
MP,189,1.0001.0001.0001.0001.000
MP,32,0.9740.9740.9740.9741.000
MP,261,0.8861.0001.0001.0001.000
MP,48,1.0000.5000.5000.5001.000
MP,241,1.0001.0001.0001.0001.000
MP,249,1.0001.0001.0001.0001.000
MP,95,1.0001.0001.0001.0001.000
MP,135,1.0001.0001.0001.0001.000
MP,154,0.7620.8100.8101.0001.000
MP,195,1.0001.0001.0001.0001.000
MP,196,0.7620.7140.6671.0001.000
MP,21,1.0001.0001.0001.0001.000
MP,94,1.0001.0001.0001.0001.000
MP,97,1.0001.0001.0001.0001.000
MP,98,1.0001.0001.0001.0001.000
MP,99,1.0000.6430.5000.7861.000
MP,203,1.0001.0001.0001.0001.000
MP,262,1.0001.0001.0001.0001.000
MP,283,1.0001.0001.0001.0001.000
MP,311,1.0001.0001.0001.0001.000
MP,312,1.0001.0001.0001.0001.000
MP,144,0.7500.7500.7861.0001.000
MP,139,1.0001.0001.0001.0001.000
MP,215,1.0001.0001.0001.0001.000
MP,141,1.0001.0001.0001.0001.000
MP,102,1.0001.0001.0001.0001.000
MP,276,1.0001.0001.0001.0001.000
MP,290,0.9521.0001.0001.0001.000
MP,304,1.0001.0001.0001.0001.000
MP,305,1.0001.0001.0001.0001.000
MP,155,1.0001.0001.0001.0001.000
MP,229,1.0001.0001.0001.0001.000
MP,310,0.8100.7780.9681.0001.000
MP,315,1.0001.0001.0001.0001.000
MP,287,0.4290.4680.4820.4931.000
MP,101,1.0001.0001.0001.0001.000
MP,277,0.8000.8000.8000.8001.000
MP,89,1.0001.0001.0001.0001.000
MP,284,1.0000.7620.6670.6671.000
MP,126,1.0001.0001.0001.0001.000
MP,127,1.0001.0001.0001.0001.000
MP,286,1.0001.0001.0001.0001.000
MP,285,0.7770.9460.9600.9801.000
MP,204,1.0001.0001.0001.0001.000
MP,34,0.8560.9130.9340.9781.000
MP,45,0.9290.9391.0001.0001.000
MP,11,1.0001.0001.0001.0001.000
MP,33,0.8810.8330.8330.8331.000
MP,43,1.0001.0001.0001.0001.000
MP,230,1.0001.0001.0001.0001.000
MT,2,1,1.0001.0001.0001.0001.000
MT,4,1,1.0001.0001.0001.0001.000
MT,9,1,1.0001.0001.0001.0001.000
MT,28,2,1.0001.0001.0001.0001.000
MT,48,2,1.0001.0001.0001.0001.000
MT,35,2,1.0001.0001.0001.0001.000
MT,22,2,1.0001.0001.0001.0001.000
MT,23,2,1.0001.0001.0001.0001.000
MT,30,2,1.0001.0001.0001.0001.000
MT,32,2,1.0001.0001.0001.0001.000
MT,156,2,1.0001.0001.0001.0001.000
MT,1,1,1.0001.0001.0001.0001.000
MT,13,1,1.0001.0001.0001.0001.000
MT,7,1,1.0001.0001.0001.0001.000
MT,43,3,1.0001.0001.0001.0001.000
MT,50,1,1.0001.0001.0001.0001.000
MT,54,1,1.0001.0001.0001.0001.000
MT,58,3,1.0001.0001.0001.0001.000
MT,63,1,1.0001.0001.0001.0001.000
MT,64,2,1.0001.0001.0001.0001.000
MT,74,3,1.0001.0001.0001.0001.000
MT,83,3,1.0001.0001.0001.0001.000
MT,90,1,1.0001.0001.0001.0001.000
MT,110,1,1.0001.0001.0001.0001.000
MT,112,3,1.0001.0001.0001.0001.000
MT,164,3,1.0001.0001.0001.0001.000
MT,166,3,1.0001.0001.0001.0001.000
MT,204,4,1.0001.0001.0001.0001.000
MT,209,4,1.0001.0001.0001.0001.000
MT,211,1,1.0001.0001.0001.0001.000
MT,213,1,1.0001.0001.0001.0001.000
MT,214,1,1.0001.0001.0001.0001.000
MT,215,1,1.0001.0001.0001.0001.000
MT,216,1,1.0001.0001.0001.0001.000
MT,217,1,1.0001.0001.0001.0001.000
MT,218,1,1.0001.0001.0001.0001.000
MT,219,1,1.0001.0001.0001.0001.000
MT,220,1,1.0001.0001.0001.0001.000
MT,171,1,1.0001.0001.0001.0001.000
MT,172,1,1.0001.0001.0001.0001.000
MT,173,1,1.0001.0001.0001.0001.000
MT,174,1,1.0001.0001.0001.0001.000
MT,42,3,1.0001.0001.0001.0001.000
MT,152,3,1.0001.0001.0001.0001.000
MT,96,3,1.0001.0001.0001.0001.000
MT,144,3,1.0001.0001.0001.0001.000
MT,153,1,1.0001.0001.0001.0001.000
MT,21,4,1.0001.0001.0001.0001.000
MT,36,4,1.0001.0001.0001.0001.000
MT,46,4,1.0001.0001.0001.0001.000
MT,116,4,1.0001.0001.0001.0001.000
MT,163,3,1.0001.0001.0001.0001.000
MT,176,4,1.0001.0001.0001.0001.000
MT,212,4,1.0001.0001.0001.0001.000
MT,169,2,1.0001.0001.0001.0001.000
MT,52,3,1.0001.0001.0001.0001.000
MT,155,1,1.0001.0001.0001.0001.000
MT,94,4,1.0001.0001.0001.0001.000
MT,208,4,1.0001.0001.0001.0001.000
MT,49,1,1.0001.0001.0001.0001.000
MT,108,1,1.0001.0001.0001.0001.000
MT,53,3,1.0001.0001.0001.0001.000
MT,55,3,1.0001.0001.0001.0001.000
MT,203,4,1.0001.0001.0001.0001.000
MT,151,3,1.0001.0001.0001.0001.000
MT,161,3,1.0001.0001.0001.0001.000
MT,170,3,1.0001.0001.0001.0001.000
MT,70,4,1.0001.0001.0001.0001.000
MT,73,4,1.0001.0001.0001.0001.000
MT,111,3,1.0001.0001.0001.0001.000
MT,113,3,1.0001.0001.0001.0001.000
MT,119,3,1.0001.0001.0001.0001.000
MT,121,3,1.0001.0001.0001.0001.000
MT,125,3,1.0001.0001.0001.0001.000
MT,127,3,1.0001.0001.0001.0001.000
MT,133,3,1.0001.0001.0001.0001.000
MT,140,4,1.0001.0001.0001.0001.000
MT,141,4,1.0001.0001.0001.0001.000
MT,201,4,1.0001.0001.0001.0001.000
MT,206,4,1.0001.0001.0001.0001.000
MT,300,4,1.0001.0001.0001.0001.000
MT,302,4,1.0001.0001.0001.0001.000
MT,303,4,1.0001.0001.0001.0001.000
MT,310,4,1.0001.0001.0001.0001.000
MT,317,4,1.0001.0001.0001.0001.000
MT,318,4,1.0001.0001.0001.0001.000
MT,319,4,1.0001.0001.0001.0001.000
MT,67,3,1.0001.0001.0001.0001.000
MT,69,3,1.0001.0001.0001.0001.000
MT,194,1,1.0001.0001.0001.0001.000
MT,182,1,1.0001.0001.0001.0001.000
MT,159,3,1.0001.0001.0001.0001.000
MT,160,3,1.0001.0001.0001.0001.000
MT,205,4,1.0001.0001.0001.0001.000
MT,109,3,1.0001.0001.0001.0001.000
MT,117,3,1.0001.0001.0001.0001.000
MT,135,3,1.0001.0001.0001.0001.000
MT,138,3,1.0001.0001.0001.0001.000
MT,98,3,1.0001.0001.0001.0001.000
MT,207,4,1.0001.0001.0001.0001.000
MT,136,4,1.0001.0001.0001.0001.000
MT,221,3,1.0001.0001.0001.0001.000
MT,24,2,1.0001.0001.0001.0001.000
MT,25,2,1.0001.0001.0001.0001.000
MT,26,2,1.0001.0001.0001.0001.000
MT,27,2,1.0001.0001.0001.0001.000
MT,167,3,1.0001.0001.0001.0001.000
MT,12,1,1.0001.0001.0001.0001.000
MT,57,3,1.0001.0001.0001.0001.000
MT,65,1,1.0001.0001.0001.0001.000
MT,183,1,1.0001.0001.0001.0001.000
MT,147,3,1.0001.0001.0001.0001.000
FD,1,1.0001.0001.0001.0000.960
FD,2,1.0001.0001.0001.0000.940
FD,4,1.0001.0001.0001.0000.929
FD,6,1.0001.0001.0001.0000.783
FD,7,1.0001.0001.0001.0000.849
FD,8,1.0001.0001.0001.0000.901
FD,9,1.0001.0001.0001.0000.959
FD,10,1.0001.0001.0001.0000.963
FD,11,1.0001.0001.0001.0000.866
FD,12,1.0001.0001.0001.0000.875
FD,14,1.0001.0001.0001.0000.876
FD,15,1.0001.0001.0001.0000.926
FD,16,1.0001.0001.0001.0000.910
FD,17,1.0001.0001.0001.0000.909
FD,18,1.0001.0001.0001.0000.957
FD,20,1.0001.0001.0001.0000.884
FD,21,1.0001.0001.0001.0000.966
FD,24,1.0001.0001.0001.0000.908
FD,25,1.0001.0001.0001.0000.922
FD,26,1.0001.0001.0001.0000.942
FD,27,1.0001.0001.0001.0000.971
FD,28,1.0001.0001.0001.0000.950
FD,29,1.0001.0001.0001.0000.975
FD,30,1.0001.0001.0001.0000.936
FD,31,1.0001.0001.0001.0000.933
FD,32,1.0001.0001.0001.0000.929
FD,33,1.0001.0001.0001.0000.910
FD,34,1.0001.0001.0001.0000.920
FD,37,1.0001.0001.0001.0000.932
FD,38,1.0001.0001.0001.0000.927
FD,39,1.0001.0001.0001.0000.959
FD,40,1.0001.0001.0001.0000.934
FD,42,1.0001.0001.0001.0000.972
FD,43,1.0001.0001.0001.0000.938
FD,45,1.0001.0001.0001.0000.919
FD,46,1.0001.0001.0001.0000.938
FD,47,1.0001.0001.0001.0000.990
FD,48,1.0001.0001.0001.0000.948
FD,49,1.0001.0001.0001.0000.977
FD,50,1.0001.0001.0001.0000.950
FD,51,1.0001.0001.0001.0000.961
FD,52,1.0001.0001.0001.0000.983
FD,57,1.0001.0001.0001.0000.953
FD,61,1.0001.0001.0001.0000.951
FD,62,1.0001.0001.0001.0000.959
FD,63,1.0001.0001.0001.0000.946
FD,66,1.0001.0001.0001.0000.937
FD,71,1.0001.0001.0001.0000.955
FD,72,1.0001.0001.0001.0000.952
FD,73,1.0001.0001.0001.0001.000
FD,74,1.0001.0001.0001.0000.921
FD,76,1.0001.0001.0001.0000.923
FD,77,1.0001.0001.0001.0000.944
FD,78,1.0001.0001.0001.0000.965
FD,82,1.0001.0001.0001.0000.952
FD,86,1.0001.0001.0001.0000.963
FD,89,1.0001.0001.0001.0000.966
FD,90,1.0001.0001.0001.0000.962
FD,91,1.0001.0001.0001.0000.964
FD,92,1.0001.0001.0001.0000.957
FD,93,1.0001.0001.0001.0000.884
FD,94,1.0001.0001.0001.0000.971
FD,95,1.0001.0001.0001.0000.941
FD,97,1.0001.0001.0001.0000.981
FD,98,1.0001.0001.0001.0000.961
FD,99,1.0001.0001.0001.0000.954
FD,101,1.0001.0001.0001.0000.934
FD,102,1.0001.0001.0001.0000.925
FD,103,1.0001.0001.0001.0000.967
FD,110,1.0001.0001.0001.0001.000
FD,111,1.0001.0001.0001.0000.962
FD,112,1.0001.0001.0001.0000.952
FD,113,1.0001.0001.0001.0000.931
FD,114,1.0001.0001.0001.0000.946
FD,115,1.0001.0001.0001.0000.951
FD,117,1.0001.0001.0001.0001.000
FD,118,1.0001.0001.0001.0001.000
FD,119,1.0001.0001.0001.0000.904
FD,120,1.0001.0001.0001.0000.973
FD,121,1.0001.0001.0001.0000.953
FD,122,1.0001.0001.0001.0000.930
FD,123,1.0001.0001.0001.0000.920
FD,124,1.0001.0001.0001.0001.000
FD,126,1.0001.0001.0001.0000.958
FD,127,1.0001.0001.0001.0000.931
FD,129,1.0001.0001.0001.0000.807
FD,130,1.0001.0001.0001.0000.953
FD,131,1.0001.0001.0001.0000.926
FD,133,1.0001.0001.0001.0000.979
FD,134,1.0001.0001.0001.0000.965
FD,135,1.0001.0001.0001.0000.987
FD,139,1.0001.0001.0001.0000.981
FD,141,1.0001.0001.0001.0000.966
FD,143,1.0001.0001.0001.0000.955
FD,144,1.0001.0001.0001.0000.953
FD,148,1.0001.0001.0001.0000.931
FD,154,1.0001.0001.0001.0000.947
FD,155,1.0001.0001.0001.0000.917
FD,156,1.0001.0001.0001.0000.850
FD,162,1.0001.0001.0001.0000.909
FD,169,1.0001.0001.0001.0000.965
FD,172,1.0001.0001.0001.0000.939
FD,173,1.0001.0001.0001.0000.788
FD,174,1.0001.0001.0001.0000.788
FD,175,1.0001.0001.0001.0000.788
FD,178,1.0001.0001.0001.0000.906
FD,183,1.0001.0001.0001.0000.934
FD,184,1.0001.0001.0001.0000.934
FD,189,1.0001.0001.0001.0000.958
FD,190,1.0001.0001.0001.0000.914
FD,192,1.0001.0001.0001.0000.742
FD,193,1.0001.0001.0001.0000.863
FD,195,1.0001.0001.0001.0000.932
FD,196,1.0001.0001.0001.0000.966
FD,203,1.0001.0001.0001.0000.961
FD,204,1.0001.0001.0001.0000.918
FD,215,1.0001.0001.0001.0000.967
FD,217,1.0001.0001.0001.0000.912
FD,229,1.0001.0001.0001.0000.865
FD,230,1.0001.0001.0001.0000.923
FD,241,1.0001.0001.0001.0000.953
FD,249,1.0001.0001.0001.0000.939
FD,251,1.0001.0001.0001.0000.909
FD,252,1.0001.0001.0001.0000.938
FD,253,1.0001.0001.0001.0000.816
FD,257,1.0001.0001.0001.0000.936
FD,261,1.0001.0001.0001.0000.957
FD,262,1.0001.0001.0001.0000.967
FD,267,1.0001.0001.0001.0000.959
FD,272,1.0001.0001.0001.0000.897
FD,275,1.0001.0001.0001.0000.879
FD,276,1.0001.0001.0001.0000.961
FD,277,1.0001.0001.0001.0000.939
FD,278,1.0001.0001.0001.0000.930
FD,279,1.0001.0001.0001.0000.977
FD,280,1.0001.0001.0001.0000.929
FD,281,1.0001.0001.0001.0000.947
FD,283,1.0001.0001.0001.0000.956
FD,284,1.0001.0001.0001.0000.919
FD,285,1.0001.0001.0001.0000.992
FD,286,1.0001.0001.0001.0000.853
FD,287,1.0001.0001.0001.0000.959
FD,288,1.0001.0001.0001.0000.974
FD,290,1.0001.0001.0001.0000.971
FD,304,1.0001.0001.0001.0000.892
FD,305,1.0001.0001.0001.0000.814
FD,310,1.0001.0001.0001.0000.956
FD,311,1.0001.0001.0001.0000.960
FD,312,1.0001.0001.0001.0000.961
FD,314,1.0001.0001.0001.0000.920
FD,315,1.0001.0001.0001.0000.954
VE,1,100.0100.0100.0100.049.40
VE,6,100.0100.0100.0100.096.72
VE,7,100.0100.0100.0100.080.00
VE,14,100.0100.0100.0100.096.03
VE,17,95.0095.0095.0095.0073.82
VE,18,100.0100.0100.0100.075.33
VE,24,100.0100.0100.0100.097.64
VE,25,100.0100.0100.0100.098.24
VE,31,100.0100.0100.0100.092.21
VE,33,100.0100.0100.0100.073.36
VE,34,100.0100.0100.0100.058.56
VE,37,100.0100.0100.0100.090.22
VE,40,100.0100.0100.0100.080.36
VE,43,100.0100.0100.0100.058.27
VE,47,93.0894.6996.9495.0889.54
VE,49,93.0794.6896.9594.7787.05
VE,61,100.0100.0100.0100.0100.0
VE,77,100.0100.0100.0100.0100.0
VE,111,90.4790.4790.4790.4790.47
VE,122,100.0100.0100.098.1697.37
VE,123,100.0100.0100.097.8576.90
VE,148,100.0100.093.2292.6890.78
VE,156,100.0100.0100.095.6188.94
VE,162,100.0100.087.1669.1964.05
VE,169,100.0100.0100.0100.078.50
VE,172,100.0100.0100.0100.083.48
VE,190,100.0100.0100.0100.068.62
RE,1,1,5
LU,1,1,124,124,124
FU,1,1,24,1
RE,5,1,5
LU,5,1,115,115,115
LU,5,5,110,110,110
FU,5,1,25,1
RE,7,1,5
LU,7,1,555,555,555
FU,7,1,33,1
RE,21,1,5
LU,21,1,60,212,60,212,60,212
FU,21,1,21,1
RE,41,1,5
LU,41,1,102,102,102
FU,41,1,49,1
RE,43,1,5
LU,43,1,21,21,21
FU,43,1,47,1
RE,45,1,5
LU,45,1,14,14,14
FU,45,1,50,1
RE,47,1,5
LU,47,1,14,14,14
FU,47,1,51,1
RE,49,1,5
LU,49,1,16,16,16
FU,49,1,52,1
RE,51,1,5
LU,51,1,162,162,162
FU,51,1,61,1
RE,53,1,5
LU,53,1,120,120,120
FU,53,1,62,1
RE,55,1,5
LU,55,1,80,80,80
FU,55,1,63,1
RE,61,1,5
LU,61,1,80,80,80
FU,61,1,30,1
RE,63,1,5
LU,63,1,8,8,8
FU,63,1,20,1
RE,81,1,5
LU,81,1,33,34,33,34,33,34
FU,81,1,119,1
RE,101,1,5
LU,101,1,35,35,35
FU,101,1,262,1
RE,121,1,5
LU,121,1,100,100,100
FU,121,1,261,1
RE,161,1,5
LU,161,1,0.0,0.0,0.0
LU,161,2,5.0,5.0,5.0
LU,161,3,10.1,10.1,10.1
LU,161,5,0.0,0.0,0.0
FU,161,1,283,1
RE,181,1,5
LU,181,1,45.0,45.0,45.0,
LU,181,3,24.8,24.8,24.8,
LU,181,4,18.6,37.7,18.6,
LU,181,5,30.0,30.0,30.0,
FU,181,1,29,1
RE,201,1,5
LU,201,1,54,54,54
FU,201,1,277,1
RE,221,1,5
LU,221,1,40,40,40
FU,221,1,111,1
RE,223,1,5
LU,223,1,18,18,18
FU,223,1,112,1
RE,225,1,5
LU,225,1,75,75,75
FU,225,1,113,1
RE,227,1,5
LU,227,1,32,32,32
FU,227,1,114,1
RE,241,1,5
LU,241,1,1315,1315,1315
LU,241,1,1300,1300,1300
LU,241,2,1280,1280,1280
LU,241,3,1260,1260,1260
LU,241,4,1240,1240,1240
LU,241,5,1200,1200,1200
FU,241,1,275,1
RE,243,1,5
LU,243,1,40,40,40
FU,243,1,279,1
RE,261,1,5
LU,261,1,32.0,32.0,32.0,
LU,261,5,15.9,15.9,12.3,
FU,261,1,89,1
RE,271,1,5
LU,271,1,80,80,80
FU,271,1,26,1
RE,321,1,5
LU,321,1,182.0,182.0,182.0,
LU,321,5,182.0,182.0,130.5,
FU,321,1,229,1
RE,401,1,5
LU,401,1,3298,3298,3298
LU,401,3,3356,3353,3338
LU,401,4,3368,3368,3368
LU,401,5,3350,3350,3350
FU,401,1,285,1
FU,401,1,287,1
RE,403,1,5
LU,403,1,4000,4000,3300
FI,403,1,SE,NE,1
FI,403,1,FC,NE,1
RE,405,1,5
LU,405,1,4100,4100,3900
FU,405,1,257,1
FU,405,1,261,1
FI,405,1,FC,SE,1
RE,409,1,5
LU,409,1,1000,1000,1000
FI,409,1,NE,SE,1
RE,413,1,5
LU,413,1,4800,4800,4800
FI,413,1,FC,NE,1
RE,415,1,5
LU,415,1,4600,4600,4600
FI,415,1,NE,FC,1
RE,417,1,5
LU,417,1,5500,5500,5300
FI,417,1,NE,SE,1
FI,417,1,NE,FC,1
RE,419,1,5
LU,419,1,4000,4000,4000
FI,419,1,SE,FC,1
RE,421,1,5
LU,421,1,8000,8000,7000
FI,421,1,SE,NE,1
FI,421,1,SE,FC,1
FI,421,1,FC,NE,1
RE,425,1,5
LU,425,1,4000,4000,4000
FI,425,1,FC,SE,1
RE,427,1,5
LU,427,1,6000,6000,5700
FI,427,1,FC,SE,1
FI,427,1,FC,NE,1
RE,431,1,5
LU,431,1,580,580,580
LU,431,5,830,830,830
FI,431,1,SE,NE,1
RE,433,1,5
LU,433,1,7000,6900,6700
LU,433,5,6900,6900,6700
FU,433,1,251,1
FU,433,1,252,1
FU,433,1,253,1
FU,433,1,257,1
FU,433,1,261,1
FI,433,1,SE,NE,-1
FI,433,1,FC,SE,1
RE,435,1,5
LU,435,1,3800,3800,4100
FU,435,1,251,-1
FU,435,1,252,-1
FU,435,1,253,-1
FU,435,1,257,-1
FU,435,1,261,-1
FI,435,1,SE,NE,1
FI,435,1,SE,FC,1
RE,437,1,5
LU,437,1,6500,6500,6100
FI,437,1,S,IV,1
RE,439,1,5
LU,439,1,8400,8400,8400
FI,439,1,IV,S,1
RE,441,1,5
LU,441,1,12131,12625,12820
LU,441,1,12531,13025,13220
LU,441,2,12831,13325,13520
LU,441,5,12798,13306,13516
FI,441,1,IV,SE,1
RE,443,1,5
LU,443,1,6720,6720,6720
FI,443,1,SE,IV,1
RE,445,1,5
LU,445,1,1000,400,400
FI,445,1,SE,N,1
RE,447,1,5
LU,447,1,900,900,400
FI,447,1,N,SE,1
RE,455,1,5
LU,455,1,5072,4993,4238
LU,455,1,4990,4835,4065
LU,455,2,5194,5004,4265
LU,455,3,4973,4967,4213
LU,455,4,4984,4865,4069
LU,455,5,5248,5047,4305
FU,455,1,267,1
FU,455,1,272,1
FU,455,1,275,1
FU,455,1,314,1
FT,455,1,21,4,1
FT,455,1,36,4,1
FT,455,1,46,4,1
FT,455,1,70,4,1
FT,455,1,73,4,1
FT,455,1,116,4,1
FT,455,1,136,4,1
FT,455,1,176,4,1
FT,455,1,212,4,1
FI,455,1,N,FC,-1
FI,455,1,FC,N,1
RE,457,1,5
LU,457,1,5378,5336,5244
LU,457,1,5407,5375,5282
LU,457,2,5469,5415,5268
LU,457,3,5519,5397,5283
LU,457,4,5431,5362,5294
LU,457,5,5401,5339,5242
FU,457,1,204,1
FU,457,1,277,1
FU,457,1,280,1
FU,457,1,284,1
FU,457,1,286,1
FU,457,1,288,1
FT,457,1,94,4,1
FT,457,1,140,4,1
FT,457,1,141,4,1
FT,457,1,201,4,1
FT,457,1,203,4,1
FT,457,1,204,4,1
FT,457,1,205,4,1
FT,457,1,206,4,1
FT,457,1,207,4,1
FT,457,1,208,4,1
FT,457,1,209,4,1
FT,457,1,300,4,1
FT,457,1,302,4,1
FT,457,1,303,4,1
FT,457,1,310,4,1
FT,457,1,317,4,1
FT,457,1,318,4,1
FT,457,1,319,4,1
FI,457,1,SE,N,1
FI,457,1,N,SE,-1
RE,461,1,5
LU,461,1,5849,13104,5355,12610,4660,11914
LU,461,5,5882,14000,5374,14000,4664,13684
FU,461,1,66,1
RE,650,1,5
LU,650,1,0,0,0,0,0,0
FU,650,1,139,1
RE,653,1,1
LU,653,1,570,570,570
FE,653,1,501,2,1
FE,653,1,502,2,1
RE,654,1,1
LU,654,1,2250,2250,2250
FE,654,1,601,2,1
FE,654,1,602,2,1
FE,654,1,603,2,1
FE,654,1,604,2,1
VI,156,360,285,278,276,272,268
VI,162,360,66,18,17,17,17
AC,285,PERHID,0.39,
AC,285,JUSMED,72.71,
AC,287,PROESP,0.008809,
AC,287,PERHID,0.16,
AC,287,JUSMED,54.59,
AC,287,VOLMIN,2075.13,
AC,287,VOLMAX,2075.13,
AC,285,JUSMED,64.72,OUT,1
AC,285,JUSMED,64.81,OUT,1
AC,285,JUSMED,65.06,OUT,2
AC,285,JUSMED,65.46,OUT,3
AC,285,JUSMED,65.74,OUT,4
AC,285,JUSMED,66.77,NOV,
AC,287,JUSMED,55.39,OUT,1
AC,287,JUSMED,55.39,OUT,1
AC,287,JUSMED,55.39,OUT,2
AC,287,JUSMED,55.39,OUT,3
AC,287,JUSMED,55.39,OUT,4
AC,287,JUSMED,55.39,NOV,
AC,285,COTVOL,1,82.010,OUT,1
AC,285,COTVOL,2,0.000,OUT,1
AC,285,COTVOL,3,0.000,OUT,1
AC,285,COTVOL,4,0.000,OUT,1
AC,285,COTVOL,5,0.000,OUT,1
AC,285,COTVOL,1,82.100,OUT,1
AC,285,COTVOL,2,0.000,OUT,1
AC,285,COTVOL,3,0.000,OUT,1
AC,285,COTVOL,4,0.000,OUT,1
AC,285,COTVOL,5,0.000,OUT,1
AC,285,COTVOL,1,82.350,OUT,2
AC,285,COTVOL,2,0.000,OUT,2
AC,285,COTVOL,3,0.000,OUT,2
AC,285,COTVOL,4,0.000,OUT,2
AC,285,COTVOL,5,0.000,OUT,2
AC,285,COTVOL,1,82.750,OUT,3
AC,285,COTVOL,2,0.000,OUT,3
AC,285,COTVOL,3,0.000,OUT,3
AC,285,COTVOL,4,0.000,OUT,3
AC,285,COTVOL,5,0.000,OUT,3
AC,285,COTVOL,1,83.030,OUT,4
AC,285,COTVOL,2,0.000,OUT,4
AC,285,COTVOL,3,0.000,OUT,4
AC,285,COTVOL,4,0.000,OUT,4
AC,285,COTVOL,5,0.000,OUT,4
AC,285,COTVOL,1,84.060,NOV,
AC,285,COTVOL,2,0.000,NOV,
AC,285,COTVOL,3,0.000,NOV,
AC,285,COTVOL,4,0.000,NOV,
AC,285,COTVOL,5,0.000,NOV,
AC,287,COTVOL,1,71.300,OUT,1
AC,287,COTVOL,2,0.000,OUT,1
AC,287,COTVOL,3,0.000,OUT,1
AC,287,COTVOL,4,0.000,OUT,1
AC,287,COTVOL,5,0.000,OUT,1
AC,287,COTVOL,1,71.300,OUT,1
AC,287,COTVOL,2,0.000,OUT,1
AC,287,COTVOL,3,0.000,OUT,1
AC,287,COTVOL,4,0.000,OUT,1
AC,287,COTVOL,5,0.000,OUT,1
AC,287,COTVOL,1,71.300,OUT,2
AC,287,COTVOL,2,0.000,OUT,2
AC,287,COTVOL,3,0.000,OUT,2
AC,287,COTVOL,4,0.000,OUT,2
AC,287,COTVOL,5,0.000,OUT,2
AC,287,COTVOL,1,71.300,OUT,3
AC,287,COTVOL,2,0.000,OUT,3
AC,287,COTVOL,3,0.000,OUT,3
AC,287,COTVOL,4,0.000,OUT,3
AC,287,COTVOL,5,0.000,OUT,3
AC,287,COTVOL,1,71.300,OUT,4
AC,287,COTVOL,2,0.000,OUT,4
AC,287,COTVOL,3,0.000,OUT,4
AC,287,COTVOL,4,0.000,OUT,4
AC,287,COTVOL,5,0.000,OUT,4
AC,287,COTVOL,1,71.300,NOV,
AC,287,COTVOL,2,0.000,NOV,
AC,287,COTVOL,3,0.000,NOV,
AC,287,COTVOL,4,0.000,NOV,
AC,287,COTVOL,5,0.000,NOV,
AC,285,NCHAVE,1,70.50,OUT,1
AC,285,NCHAVE,2,71.30,OUT,1
AC,285,COTVAZ,1,1,70.5,OUT,1
AC,285,COTVAZ,1,2,6.624466E-06,OUT,1
AC,285,COTVAZ,1,3,4.65355E-09,OUT,1
AC,285,COTVAZ,1,4,-7.061837E-14,OUT,1
AC,285,COTVAZ,1,5,3.694995E-19,OUT,1
AC,285,COTVAZ,2,1,71.26332,OUT,1
AC,285,COTVAZ,2,2,3.1764138E-06,OUT,1
AC,285,COTVAZ,2,3,4.0662101E-09,OUT,1
AC,285,COTVAZ,2,4,-5.7741004E-14,OUT,1
AC,285,COTVAZ,2,5,2.9045799E-19,OUT,1
AC,34,NUMJUS,45,
AC,43,NUMJUS,45,
AC,34,VOLMIN,15563,
AC,95,COFEVA,10,0,
AC,275,JUSMED,5.64,OUT,1
AC,275,JUSMED,5.11,NOV,
AC,119,NUMPOS,300,
AC,305,NUMPOS,300,
AC,133,NUMPOS,300,
AC,118,NUMPOS,301,
AC,181,NUMJUS,129,
AC,183,NUMPOS,300,
AC,131,NUMPOS,300,
AC,182,NUMPOS,300,
AC,184,NUMPOS,300,
AC,175,NUMPOS,300,
AC,129,NUMPOS,129,
AC,169,NUMPOS,168,
AC,124,VSVERT,200.,
AC,124,VMDESV,102.,
AC,127,NUMJUS,129,
AC,117,VSVERT,144.14,
AC,117,NUMJUS,108,
AC,118,DESVIO,119,100.00,
AC,172,JUSENA,176,
AC,125,JUSENA,131,
AC,117,JUSENA,118,
AC,118,JUSENA,119,
AC,71,VSVERT,169.00,
AC,117,VSVERT,1,
AC,1,VSVERT,120.00,
AC,115,VSVERT,23.00,
AC,1,VSVERT,120.00,
AC,20,VSVERT,430.05,
AC,121,VAZMIN,0,
AC,122,VAZMIN,0,
AC,1,VAZMIN,0,
AC,141,VAZMIN,0,
AC,162,VAZMIN,0,
AC,120,VAZMIN,0,
AC,2,VAZMIN,0,
AC,4,VAZMIN,0,
AC,71,VAZMIN,0,
AC,180,VAZMIN,0,
AC,183,VAZMIN,0,
AC,184,VAZMIN,0,
AC,117,VAZMIN,0,
AC,124,VAZMIN,0,
AC,217,VAZMIN,0,
AC,127,VAZMIN,0,
AC,107,VAZMIN,0,
AC,125,VAZMIN,0,
AC,181,VAZMIN,0,
AC,130,VAZMIN,0,
AC,108,VAZMIN,0,
AC,109,VAZMIN,0,
AC,118,VAZMIN,0,
AC,134,VAZMIN,0,
AC,196,VAZMIN,0,
AC,174,VAZMIN,0,
AC,175,VAZMIN,0,
AC,173,VAZMIN,0,
AC,154,VAZMIN,0,
AC,251,VAZMIN,0,
AC,110,VAZMIN,0,
AC,98,VAZMIN,0,
AC,95,VAZMIN,0,
AC,195,VAZMIN,0,
AC,86,VAZMIN,0,
AC,73,VSVERT,109.0,
AC,73,VAZMIN,0,
AC,281,VAZMIN
AC,120,VSVERT,443.0,
AC,21,VAZMIN,0,
AC,144,VAZMIN,0,
AC,155,VAZMIN,0,
AC,143,VAZMIN,0,
AC,251,VSVERT,11150,
AC,156,VSVERT,4250,
AC,43,NPOSNW,43,
AC,169,NPOSNW,169,
AC,37,NPOSNW,37,
AC,38,NPOSNW,38,
AC,39,NPOSNW,39,
AC,40,NPOSNW,40,
AC,42,NPOSNW,42,
AC,45,NPOSNW,45,
AC,46,NPOSNW,46,
AC,66,NPOSNW,66,
AC,76,NPOSNW,75,
AC,129,NPOSNW,126,
AC,131,NPOSNW,131,
AC,130,NPOSNW,299,
AC,183,NPOSNW,303,
AC,133,NPOSNW,306,
AC,119,NPOSNW,318,
AC,288,NPOSNW,292,
AC,314,NPOSNW,302,
AC,181,NPOSNW,304,
AC,124,NPOSNW,132,
AC,117,NPOSNW,3,
AC,118,NPOSNW,4,
AC,109,NPOSNW,5,
AC,108,NPOSNW,13,
AC,125,NPOSNW,21,
AC,180,NPOSNW,19,
AC,314,NUMPOS,288,
AC,288,NUMPOS,300,
AC,314,DESVIO,288,9999999.,
AC,285,NUMCON,1,OUT,1
AC,285,NUMMAQ,1,50,OUT,1
AC,285,POTEFE,1,75.0,OUT,1
AC,288,NUMCON,1,OUT,1
AC,288,NUMMAQ,1,9,OUT,1
AC,288,POTEFE,1,611.1,OUT,1
AC,288,NUMCON,1,NOV,
AC,288,NUMMAQ,1,10,NOV,
AC,288,POTEFE,1,611.1,NOV,
IR,GRAFICO
IR,CUSTOS,
IR,NORMAL,17,61
IR,ACOPLA,01
IR,ARQFPHA
FC,NEWV21,CORTESH.DAT
FC,NEWCUT,CORTES.DAT
TI,1,0.2,0.2,0.2,0.2,0.2
TI,2,0,0,0,0,0
TI,4,0.6,0.6,0.6,0.6,0.6
TI,24,6.7,6.7,6.7,6.7,0.7
TI,27,0.3,0.3,0.3,0.3,0.1
TI,28,0.8,0.8,0.8,0.8,0.3
TI,25,1.4,1.4,1.4,1.4,0.7
TI,156,3.8,3.8,3.8,3.8,2.8
TI,134,0.3,0.3,0.3,0.3,0.2
TI,10,0.1,0.1,0.1,0.1,0.1
TI,143,2.2,2.2,2.2,2.2,1.1
TI,162,0.6,0.6,0.6,0.6,0.2
TI,148,0.4,0.4,0.4,0.4,0.1
TI,217,0.1,0.1,0.1,0.1,0.1
TI,193,0,0,0,0,0
TI,141,3,3,3,3,1.9
TI,14,0.4,0.4,0.4,0.4,1.1
TI,18,4.9,4.9,4.9,4.9,7.9
TI,37,47.9,47.9,47.9,47.9,58.3
TI,40,2,2,2,2,3.1
TI,42,2.8,2.8,2.8,2.8,3.6
TI,15,0.3,0.3,0.3,0.3,1
TI,16,0,0,0,0,0.1
TI,38,3.7,3.7,3.7,3.7,9.5
TI,39,2.2,2.2,2.2,2.2,8.5
TI,62,0.5,0.5,0.5,0.5,0.5
TI,63,2.1,2.1,2.1,2.1,2.2
TI,52,0.3,0.3,0.3,0.3,0.3
TI,51,0.2,0.2,0.2,0.2,0.3
TI,47,1.0,1.0,1.0,1.0,6.7,0.0
TI,49,0.8,0.8,0.8,0.8,1.7
TI,61,4.2,4.2,4.2,4.2,5.4
TI,50,1.6,1.6,1.6,1.6,3.4
TI,46,18.7,18.7,18.7,18.7,8.4
TI,120,0.1,0.1,0.1,0.1,0.1
TI,121,0.2,0.2,0.2,0.2,0.1
TI,6,3,3,3,3,7.6
TI,7,0.6,0.6,0.6,0.6,0.7
TI,8,0.1,0.1,0.1,0.1,0.1
TI,12,3.9,3.9,3.9,3.9,4.6
TI,17,17.3,17.3,17.3,17.3,38.8
TI,31,6.7,6.7,6.7,6.7,3.3
TI,30,1.4,1.4,1.4,1.4,0.7
TI,251,4.3,4.3,4.3,4.3,2.3
TI,278,0.2,0.2,0.2,0.2,0.2
TI,123,5.3,5.3,5.3,5.3,5.4
TI,20,0.7,0.7,0.7,0.7,0.1
TI,287,0,0,0,0,0
TI,257,1.9,1.9,1.9,1.9,1.4
TI,122,0,0,0,0,0
TI,124,0,0,0,0,0
TI,131,0,0,0,0,0
TI,133,0,0,0,0,0
TI,125,0.7,0.7,0.7,0.7,0.6
TI,180,0,0,0,0,0
TI,181,0.1,0.1,0.1,0.1,0
TI,182,0,0,0,0,0
TI,183,0,0,0,0,0
TI,107,-25,-25,-25,-25-24.2
TI,117,10.3,10.3,10.3,10.3,10.3
TI,118,7.8,7.8,7.8,7.8,7.9
TI,32,0.8,0.8,0.8,0.8,0.3
TI,11,0.7,0.7,0.7,0.7,0.6
TI,135,0,0,0,0,0
TI,139,0.9,0.9,0.9,0.9,0.7
TI,262,0.3,0.3,0.3,0.3,0.2
TI,89,1.3,1.3,1.3,1.3,0.0,0.0
TI,144,1.8,1.8,1.8,1.8,0.5
TI,66,21,21,21,21,7.7
TI,110,0,0,0,0,0
TI,111,0.3,0.3,0.3,0.3,0.4
TI,112,0,0,0,0,0
TI,113,0.1,0.1,0.1,0.1,0.1
TI,114,0.1,0.1,0.1,0.1,0.1
TI,74,5.8,5.8,5.8,5.8,5.7
TI,76,0.1,0.1,0.1,0.1,0.1
TI,82,1,1,1,1,1
TI,115,0.1,0.1,0.1,0.1,0.1
TI,73,0,0,0,0,0
TI,71,0.4,0.4,0.4,0.4,0.4
TI,72,0,0,0,0,0
TI,57,1.4,1.4,1.4,1.4,0.0,0.0
TI,77,0.3,0.3,0.3,0.3,0.3
TI,78,0.1,0.1,0.1,0.1,0.1
TI,93,0.3,0.3,0.3,0.3,0.4
TI,91,0.3,0.3,0.3,0.3,0.5
TI,92,1.8,1.8,1.8,1.8,2.2
TI,252,0.1,0.1,0.1,0.1,0.1
TI,253,0.1,0.1,0.1,0.1,0.1
TI,267,1.5,1.5,1.5,1.5,1.3
TI,281,0.8,0.8,0.8,0.8,0.3
TI,9,0,0,0,0,0
TI,26,0.2,0.2,0.2,0.2,0.1
TI,86,0.5,0.5,0.5,0.5,0.8
TI,90,0.1,0.1,0.1,0.1,0.1
TI,97,0.4,0.4,0.4,0.4,0.9
TI,98,0.8,0.8,0.8,0.8,1.2
TI,99,0.4,0.4,0.4,0.4,0.4
TI,169,54.1,54.1,54.1,54.1,19.4
TI,172,77.1,77.1,77.1,77.1,78.2
TI,173,2.8,2.8,2.8,2.8,3.1
TI,174,0.1,0.1,0.1,0.1,0.1
TI,178,0.3,0.3,0.3,0.3,0.4
TI,190,3.9,3.9,3.9,3.9,0.0,0.0
TI,189,11.3,11.3,11.3,11.3,5.6
TI,275,19.7,19.7,19.7,19.7,15.2
TI,272,0.1,0.1,0.1,0.1,0.1
TI,279,0.3,0.3,0.3,0.3,0.3
TI,127,0.7,0.7,0.7,0.7,0.7
TI,126,0.1,0.1,0.1,0.1,0.1
TI,283,1,1,1,1,0.6
TI,261,1.9,1.9,1.9,1.9,1.8
TI,48,0.1,0.1,0.1,0.1,0.2
TI,249,0,0,0,0,0
TI,241,0,0,0,0,0
TI,304,0.3,0.3,0.3,0.3,0.2
TI,196,0,0,0,0,0
TI,195,0.1,0.1,0.1,0.1,0.1
TI,95,0.1,0.1,0.1,0.1,0.1
TI,203,0.2,0.2,0.2,0.2,0.1
TI,154,3.2,3.2,3.2,3.2,1.2
TI,310,0.2,0.2,0.2,0.2,0.2
TI,29,1,1,1,1,0.6
TI,94,0.1,0.1,0.1,0.1,0.1
TI,215,0.2,0.2,0.2,0.2,0.2
TI,155,1.5,1.5,1.5,1.5,1.1
TI,311,0.5,0.5,0.5,0.5,0.4
TI,312,0,0,0,0,0
TI,315,0,0,0,0,0.1
TI,21,0.3,0.3,0.3,0.3,0.1
TI,290,0.1,0.1,0.1,0.1,0.1
TI,101,0.6,0.6,0.6,0.6,0.6
TI,276,0.2,0.2,0.2,0.2,0.2
TI,102,0,0,0,0,0
TI,277,0,0,0,0,0
TI,285,56.7,56.7,56.7,56.7,56.7
TI,286,0.8,0.8,0.8,0.8,0.8
TI,284,0,0,0,0,0
TI,192,0.6,0.6,0.6,0.6,0.6
TI,230,0,0,0,0,0
TI,33,15.4,15.4,15.4,15.4,6.2
TI,34,3.4,3.4,3.4,3.4,4.6
TI,45,1.6,1.6,1.6,1.6,1.6
TI,43,3.3,3.3,3.3,3.3,4.7
TI,288,6.3,6.3,6.3,6.3,0.0,0.0
TI,229,33.6100.3131.3199.3230.0
TI,103,75.8,75.8,75.8,75.8,75.9
TI,129,91.2,91.2,91.2,91.2,90.8
TI,130,-89.4-89.4-89.4-89.4-89.9
TI,204,52.5,52.5,52.5,52.5,52.5
TI,280,-52.5-52.5-52.5-52.5-52.5
RQ,1,100,100,100,100,0.
RQ,6,100,100,100,100,0.
RQ,7,100,100,100,100,0.
RQ,5,100,100,100,100,0.
RQ,10,100,100,100,100,0.
RQ,2,100,100,100,100,0.
RQ,3,100,100,100,100,0.
RQ,4,100,100,100,100,0.
RQ,8,100,100,100,100,0.
RQ,9,100,100,100,100,0.
RQ,11,100,100,100,100,0.
RQ,12,100,100,100,100,0.
EZ,251,55.0
EZ,252,100.0
EZ,253,100.0
EZ,257,100.0
EZ,261,100.0
EZ,162,100.0
EZ,156,100.0
EZ,148,100.0
EZ,155,100.0
EZ,57,100.0
HV,3,1,5
LV,3,1,623.
CV,3,1,25,1.0,VARM
HV,4,1,5
LV,4,1,783.4
CV,4,1,24,1,VARM
HV,9,1,5
LV,9,1,554.
CV,9,1,33,1.0,VARM
HV,13,1,5
LV,13,1,516.9
CV,13,1,18,1.0,VARM
HV,15,1,5
LV,15,1,1239.04
CV,15,1,37,1,VARM
HV,17,1,5
LV,17,1,616.06
CV,17,1,40,1,VARM
HV,20,1,5
LV,20,1,1571.88
CV,20,1,43,1,VARM
HV,25,1,5
LV,25,1,475.
CV,25,1,47,1.0,VARM
HV,26,1,5
LV,26,1,457.
CV,26,1,49,1.0,VARM
HV,27,1,5
LV,27,1,343.44
CV,27,1,61,1.0,VARM
HV,41,1,5
LV,41,1,1549.5
CV,41,1,6,1,VARM
HV,42,1,5
LV,42,1,282.00,330.75
LV,42,2,330.75,9999
CV,42,1,7,1,VARM
HV,50,1,5
LV,50,1,526
CV,50,1,17,1,VARM
HV,54,1,5
LV,54,1,0,4999.3
CV,54,1,17,1,VARM
HV,55,1,5
LV,55,1,996.
CV,55,1,31,1.0,VARM
HV,65,1,5
LV,65,1,131.8
CV,65,1,121,1,VARM
HV,66,1,5
LV,66,1,158.6
CV,66,1,120,1,VARM
HV,67,1,5
LV,67,1,30.8
CV,67,1,122,1,VARM
HV,71,1,5
LV,71,1,151.25
CV,71,1,123,1,VARM
HV,73,1,5
LV,73,1,81.49
CV,73,1,124,1,VARM
HV,75,1,5
LV,75,1,188.89
CV,75,1,117,1,VARM
HV,92,1,5
LV,92,1,25
CV,92,1,73,1,VARM
HV,101,1,5
LV,101,1,21197.7,21197.7
LV,101,1,19930.1,19930.1
LV,101,2,18662.5,18662.5
LV,101,3,17394.8,17394.8
LV,101,4,16006.0,16006.0
LV,101,5,9238.7,9238.7
CV,101,1,275,1,VARM
HV,115,1,5
LV,115,1,0,3449.0
CV,115,1,43,1,VARM
HV,116,1,5
LV,116,1,0,5482.0
CV,116,1,34,1,VARM
HV,117,1,5
LV,117,1,17.65,17.65
CV,117,1,43,-1.5866762,VARM
CV,117,1,34,1,VARM
HQ,10,1,5
LQ,10,1,300,300,300
CQ,10,1,277,1,QDEF
HQ,11,1,5
LQ,11,1,72,72,72
CQ,11,1,27,1,QDEF
HQ,12,1,5
LQ,12,1,34,1000,34,1000,34,1000
CQ,12,1,1,1,QDEF
HQ,13,1,5
LQ,13,1,34,1170,34,1170,34,1170
CQ,13,1,2,1,QDEF
HQ,15,1,5
LQ,15,1,60,1250,60,1250,60,1250
CQ,15,1,4,1,QDEF
HQ,30,1,5
LQ,30,1,172,4500,172,4500,172,4500
CQ,30,1,10,1,QDEF
HQ,34,1,5
LQ,34,1,100,5000,100,5000,100,5000
CQ,34,1,24,1,QDEF
HQ,35,1,5
LQ,35,1,80.0,2000,80.0,2000,80.0,2000
LQ,35,4,86.0,2000,87.1,2000,90.7,2000
LQ,35,5,110.0,2000,110.0,2000,110.0,2000
CQ,35,1,25,1,QDEF
HQ,41,1,5
LQ,41,1,285.0,285.0,285.0,285.0,285.0,285.0
LQ,41,3,293.3,293.3,292.9,292.9,290.7,290.7
LQ,41,4,295.0,295.0,295.0,295.0,295.0,295.0
CQ,41,1,156,1,QDEF
HQ,45,1,5
LQ,45,1,17.0,204,17.0,204,17.0,204
LQ,45,4,15.4,204,15.1,204,14.1,204
LQ,45,5,8.8,204,8.8,204,8.8,204
CQ,45,1,162,1,QDEF
HQ,49,1,5
LQ,49,1,7000,7000,7000
CQ,49,1,143,1,QDEF
HQ,50,1,5
LQ,50,1,23.4,2100,23.4,2100,23.4,2100
CQ,50,1,148,1,QDEF
HQ,51,1,5
LQ,51,1,450,16000,450,16000,450,16000
CQ,51,1,33,1,QDEF
HQ,52,1,5
LQ,52,1,178,5000,178,5000,178,5000
CQ,52,1,11,1,QDEF
HQ,56,1,5
LQ,56,1,10,250,10,250,10,250
CQ,56,1,14,1,QDEF
HQ,57,1,5
LQ,57,1,10,600,10,600,10,600
CQ,57,1,14,1,QDEF
HQ,58,1,5
LQ,58,1,19,550,19,550,19,550
CQ,58,1,16,1,QDEF
HQ,59,1,5
LQ,59,1,730,730,730
CQ,59,1,18,1,QDEF
HQ,60,1,5
LQ,60,1,2300,2300,2300
CQ,60,1,37,1,QDEF
HQ,62,1,5
LQ,62,1,160,160,160
CQ,62,1,40,1,QDEF
HQ,63,1,5
LQ,63,1,73,2000,73,2000,73,2000
CQ,63,1,249,1,QDEF
HQ,64,1,5
LQ,64,1,147,1200,147,1200,147,1200
CQ,64,1,48,1,QDEF
HQ,65,1,5
LQ,65,1,147,147,147
LQ,65,5,145,145,145
CQ,65,1,47,1,QDEF
HQ,67,1,5
LQ,67,1,55,55,55
CQ,67,1,47,1,QDEF
HQ,68,1,5
LQ,68,1,73,73,73
CQ,68,1,49,1,QDEF
HQ,70,1,5
LQ,70,1,96,96,96
CQ,70,1,50,1,QDEF
HQ,72,1,5
LQ,72,1,96,96,96
CQ,72,1,51,1,QDEF
HQ,74,1,5
LQ,74,1,98,98,98
CQ,74,1,52,1,QDEF
HQ,76,1,5
LQ,76,1,192,192,192
CQ,76,1,61,1,QDEF
HQ,78,1,5
LQ,78,1,200,200,200
CQ,78,1,62,1,QDEF
HQ,80,1,5
LQ,80,1,600,600,600
CQ,80,1,63,1,QDEF
HQ,82,1,5
LQ,82,1,30,30,30
CQ,82,1,311,1,QDEF
HQ,83,1,5
LQ,83,1,30,30,30
CQ,83,1,312,1,QDEF
HQ,84,1,5
LQ,84,1,51920,51920,51920
CQ,84,1,46,1,QDEF
HQ,85,1,5
LQ,85,1,4000.0,4000.0,4000.0
LQ,85,4,4120.0,4142.5,4213.7
LQ,85,5,4600.0,4600.0,4600.0
CQ,85,1,46,1,QDEF
HQ,87,1,5
LQ,87,1,4,4,4
CQ,87,1,120,1,QDEF
HQ,88,1,5
LQ,88,1,10,10,10
CQ,88,1,121,1,QDEF
HQ,91,1,5
LQ,91,1,3400.0,16000,3400.0,16000,3400.0,16000
LQ,91,4,3520.0,16000,3542.5,16000,3613.7,16000
LQ,91,5,4000.0,16000,4000.0,16000,4000.0,16000
CQ,91,1,45,1,QDEF
HQ,93,1,5
LQ,93,1,131,4000,131,4000,131,4000
CQ,93,1,6,1,QDEF
HQ,94,1,5
LQ,94,1,149,4400,149,4400,149,4400
CQ,94,1,7,1,QDEF
HQ,96,1,5
LQ,96,1,153,4500,153,4500,153,4500
CQ,96,1,8,1,QDEF
HQ,98,1,5
LQ,98,1,189,7000,189,7000,189,7000
CQ,98,1,12,1,QDEF
HQ,99,1,5
LQ,99,1,312,8000,312,8000,312,8000
CQ,99,1,17,1,QDEF
HQ,100,1,5
LQ,100,1,70,7000,70,7000,70,7000
CQ,100,1,31,1,QDEF
HQ,102,1,5
LQ,102,1,70,700,70,700,70,700
CQ,102,1,123,1,QDEF
HQ,105,1,5
LQ,105,1,300,300,300
CQ,105,1,251,1,QDEF
HQ,110,1,5
LQ,110,1,95.0,214.5,95.0,214.5,95.0,214.5
LQ,110,4,95.0,481.6,95.0,531.7,95.0,690.2
LQ,110,5,95.0,1550.0,95.0,1550.0,95.0,1550.0
CQ,110,1,278,1,QDEF
HQ,113,1,5
LQ,113,1,120,120,120
CQ,113,1,30,1,QDEF
HQ,114,1,5
LQ,114,1,23.0,23.0,23.0
LQ,114,4,24.4,24.7,25.5
LQ,114,5,30.1,30.1,30.1
CQ,114,1,20,1,QDEF
HQ,118,1,5
LQ,118,1,360,360,360
CQ,118,1,257,1,QDEF
HQ,125,1,5
LQ,125,1,71,71,71,71,71,71
LQ,125,5,71,9999,71,9999,71,9999
CQ,125,1,125,1.0,QDEF
HQ,126,1,5
LQ,126,1,10,10,10
CQ,126,1,181,1,QDEF
HQ,149,1,5
LQ,149,1,30,300,30,300,30,300
CQ,149,1,122,1,QDEF
HQ,151,1,5
LQ,151,1,5.5,5.5,5.5
CQ,151,1,124,1,QDEF
HQ,152,1,5
LQ,152,1,5.5,20,5.5,20,5.5,20
CQ,152,1,124,1,QDEF
HQ,154,1,5
LQ,154,1,5.5,20.0,5.5,20.0,5.5,20.0
CQ,154,1,124,1.0,QDEF
CQ,154,1,124,1.0,QDES
HQ,155,1,5
LQ,155,1,130,130,130
CQ,155,1,1,1,QBOM
HQ,156,1,5
LQ,156,1,160,160,160
CQ,156,1,2,1,QBOM
HQ,157,1,5
LQ,157,1,0.0,0.0,0.0,0.0,0.0,0.0
CQ,157,1,125,1.0,QDES
HQ,159,1,5
LQ,159,1,120,120,120,120,120,120
CQ,159,1,133,1,QDEF
HQ,161,1,5
LQ,161,1,0,25,0,25,0,25
CQ,161,1,180,1.0,QDES
HQ,162,1,5
LQ,162,1,0,0,0,0,0,0
LQ,162,5,0,45,0,45,0,45
CQ,162,1,180,1.0,QDEF
HQ,163,1,5
LQ,163,1,0.0,0.0,0.0,0.0,0.0,0.0
CQ,163,1,181,1.0,QDES
HQ,164,1,5
LQ,164,1,0.0,196,0.0,196,0.0,196
CQ,164,1,182,1.0,QDEF
CQ,164,1,182,1.0,QDES
HQ,165,1,5
LQ,165,1,0.0,34,0.0,34,0.0,34
CQ,165,1,182,1.0,QDES
HQ,166,1,5
LQ,166,1,5.5,5.5,5.5
CQ,166,1,183,1.0,QDEF
HQ,168,1,5
LQ,168,1,20,20,20
CQ,168,1,32,1,QDEF
HQ,171,1,5
LQ,171,1,210,210,210
CQ,171,1,144,1,QDEF
HQ,174,1,5
LQ,174,1,0,0,0,0,0,0
CQ,174,1,107,1.0,QDES
HQ,175,1,5
LQ,175,1,0,0,0,0,0,0
CQ,175,1,108,1,QDES
HQ,176,1,5
LQ,176,1,0,0,0,0,0,0
CQ,176,1,109,1,QDES
HQ,177,1,5
LQ,177,1,0,0,0,0,0,0
CQ,177,1,3,1,QBOM
HQ,178,1,5
LQ,178,1,6,6,6,6,6,6
LQ,178,5,6,9999,6,9999,6,9999
CQ,178,1,118,1,QDES
HQ,179,1,5
LQ,179,1,0,0,0,0,0,0
CQ,179,1,109,1,QDEF
HQ,180,1,5
LQ,180,1,6,6,6
CQ,180,1,119,1,QDEF
HQ,181,1,5
LQ,181,1,0,0,0,0,0,0
CQ,181,1,118,1,QDEF
HQ,182,1,5
LQ,182,1,10,10,10
CQ,182,1,73,1,QDEF
HQ,183,1,5
LQ,183,1,78.8,4500.0,78.8,4500.0,78.8,4500.0
LQ,183,5,0.0,4500.0,47.8,4500.0,0.0,4500.0
CQ,183,1,57,1,QDEF
HQ,185,1,5
LQ,185,1,200,30000,200,30000,200,30000
CQ,185,1,82,1,QDEF
HQ,187,1,5
LQ,187,1,140,140,140
CQ,187,1,115,1,QDEF
HQ,188,1,5
LQ,188,1,19000,19000,19000
CQ,188,1,77,1,QDEF
HQ,190,1,5
LQ,190,1,200,200,200
CQ,190,1,78,1,QDEF
HQ,191,1,5
LQ,191,1,120,120,120
CQ,191,1,91,1,QDEF
HQ,193,1,5
LQ,193,1,64,3000,64,3000,64,3000
CQ,193,1,26,1,QDEF
HQ,194,1,5
LQ,194,1,168,4300,168,4300,168,4300
CQ,194,1,9,1,QDEF
HQ,196,1,5
LQ,196,1,260,260,260
CQ,196,1,91,1,QDEF
HQ,197,1,5
LQ,197,1,90,90,90
CQ,197,1,253,1,QDEF
HQ,198,1,5
LQ,198,1,200,200,200
CQ,198,1,92,1,QDEF
HQ,199,1,5
LQ,199,1,150,150,150
CQ,199,1,92,1,QDEF
HQ,200,1,5
LQ,200,1,90,90,90
CQ,200,1,252,1,QDEF
HQ,202,1,5
LQ,202,1,744,744,744
CQ,202,1,267,1,QDEF
HQ,203,1,5
LQ,203,1,750,750,750
CQ,203,1,110,1,QDEF
HQ,205,1,5
LQ,205,1,2400,2400,2400
CQ,205,1,112,1,QDEF
HQ,207,1,5
LQ,207,1,14.8,14.8,14.8
LQ,207,4,14.8,290.0,14.8,344.4,14.8,516.4
LQ,207,5,14.8,1450.0,14.8,1450.0,14.8,1450.0
CQ,207,1,114,1,QDEF
HQ,213,1,5
LQ,213,1,600,8000,600,8000,600,8000
CQ,213,1,169,1,QDEF
HQ,216,1,5
LQ,216,1,600,600,600,600,600,600
CQ,216,1,178,1,QDEF
HQ,218,1,5
LQ,218,1,240.0,1600.0,240.0,1600.0,240.0,1600.0
LQ,218,5,240.0,1600.0,231.2,1600.0,104.7,1600.0
CQ,218,1,190,1,QDEF
HQ,219,1,5
LQ,219,1,3,1500,3,1500,3,1500
CQ,219,1,189,1,QDEF
HQ,222,1,5
LQ,222,1,2000,54000,2000,54000,2000,54000
CQ,222,1,275,1,QDEF
HQ,224,1,5
LQ,224,1,94.0,94.0,94.0,
LQ,224,5,50.0,50.0,39.4,
CQ,224,1,89,1,QDEF
HQ,226,1,5
LQ,226,1,10,2000,10,2000,10,2000
CQ,226,1,135,1,QDEF
HQ,227,1,5
LQ,227,1,27.67,27.67,27.67
CQ,227,1,155,1,QDEF
HQ,229,1,5
LQ,229,1,38,38,38
CQ,229,1,154,1,QDEF
HQ,230,1,5
LQ,230,1,0.5,0.5,0.5
CQ,230,1,95,1,QDEF
HQ,231,1,5
LQ,231,1,255,255,255
CQ,231,1,261,1,QDEF
HQ,236,1,5
LQ,236,1,3,3,3
CQ,236,1,196,1,QDEF
HQ,243,1,5
LQ,243,1,72,72,72
CQ,243,1,28,1,QDEF
HQ,244,1,5
LQ,244,1,8.5,8.5,8.5
CQ,244,1,276,1,QDEF
HQ,247,1,5
LQ,247,1,24000,24000,24000
CQ,247,1,46,1,QDEF
CQ,247,1,63,1,QDEF
HQ,248,1,5
LQ,248,1,300,600,300,600,300,600
CQ,248,1,251,1,QDEF
HQ,250,1,5
LQ,250,1,16,16,16
CQ,250,1,86,1,QDEF
HQ,252,1,5
LQ,252,1,190,13900,190,13900,190,13900
LQ,252,1,220,13900,220,13900,220,13900
LQ,252,2,270,13900,270,13900,270,13900
LQ,252,3,300,13900,300,13900,300,13900
LQ,252,5,0,13900,0,13900,0,13900
CQ,252,1,314,1,QDES
HQ,254,1,5
LQ,254,1,700.0,700.0,700.0,
LQ,254,3,700.0,700.0,671.5,
LQ,254,4,720.0,723.8,645.8,
LQ,254,5,610.0,610.0,609.0,
CQ,254,1,314,1,QDEF
AR,1
EV,1,INI,

